Norway_index,z_index_index,ATC_match,best_z_index_index
0,122,True,590
0,123,True,590
0,1027,True,590
0,1028,True,590
0,1030,True,590
0,1340,True,590
0,61191,True,590
3,8342,True,96962
3,8343,True,96962
3,8344,True,96962
3,15779,True,96962
3,15780,True,96962
3,15781,True,96962
3,15782,True,96962
3,15783,True,96962
3,15784,True,96962
3,30843,True,96962
3,30844,True,96962
3,30845,True,96962
3,30846,True,96962
3,58176,True,96962
3,58178,True,96962
4,8342,True,96970
4,8343,True,96970
4,8344,True,96970
4,15779,True,96970
4,15780,True,96970
4,15781,True,96970
4,15782,True,96970
4,15783,True,96970
4,15784,True,96970
4,30843,True,96970
4,30844,True,96970
4,30845,True,96970
4,30846,True,96970
4,58176,True,96970
4,58178,True,96970
5,8342,True,96989
5,8343,True,96989
5,8344,True,96989
5,15779,True,96989
5,15780,True,96989
5,15781,True,96989
5,15782,True,96989
5,15783,True,96989
5,15784,True,96989
5,30843,True,96989
5,30844,True,96989
5,30845,True,96989
5,30846,True,96989
5,58176,True,96989
5,58178,True,96989
6,8342,True,96997
6,8343,True,96997
6,8344,True,96997
6,15779,True,96997
6,15780,True,96997
6,15781,True,96997
6,15782,True,96997
6,15783,True,96997
6,15784,True,96997
6,30843,True,96997
6,30844,True,96997
6,30845,True,96997
6,30846,True,96997
6,58176,True,96997
6,58178,True,96997
7,3363,True,212296
7,6542,True,212296
7,6635,True,212296
7,6722,True,212296
7,11257,True,212296
7,17444,True,212296
7,22117,True,212296
7,26674,True,212296
7,28767,True,212296
7,30595,True,212296
7,35530,True,212296
7,44021,True,212296
7,49654,True,212296
7,51759,True,212296
7,64517,True,212296
7,72725,True,212296
9,296,True,
9,657,True,
9,1060,True,
9,1379,True,
9,1681,True,
9,1753,True,
9,6644,True,
9,6871,True,
9,22806,True,
9,25371,True,
9,27724,True,
9,32929,True,
9,34573,True,
9,34594,True,
9,34595,True,
9,34596,True,
9,34597,True,
9,37848,True,
9,39664,True,
9,42039,True,
9,44236,True,
9,46148,True,
9,48548,True,
9,48549,True,
9,48550,True,
9,48551,True,
9,49625,True,
9,49626,True,
9,49627,True,
9,49629,True,
9,50271,True,
9,51797,True,
9,52123,True,
9,53153,True,
9,57698,True,
9,57699,True,
9,57700,True,
9,57701,True,
9,58683,True,
9,58684,True,
9,59311,True,
9,64583,True,
9,65078,True,
9,65088,True,
9,65089,True,
9,65090,True,
9,65096,True,
9,65097,True,
9,65098,True,
9,65099,True,
9,65405,True,
9,65489,True,
9,65860,True,
9,67158,True,
9,68493,True,
9,69958,True,
9,69959,True,
9,69960,True,
9,71092,True,
9,71095,True,
9,71106,True,
9,71108,True,
9,71197,True,
16,22334,True,125334
16,22336,True,125334
17,2514,True,82899
17,7290,True,82899
17,7291,True,82899
18,2514,True,82899
18,7290,True,82899
18,7291,True,82899
22,284,True,93637
22,438,True,93637
22,665,True,93637
22,989,True,93637
22,11103,True,93637
22,11104,True,93637
22,13781,True,93637
22,16496,True,93637
22,22475,True,93637
22,23554,True,93637
22,24094,True,93637
22,24447,True,93637
22,24967,True,93637
22,28024,True,93637
22,29058,True,93637
22,30210,True,93637
22,30842,True,93637
22,32636,True,93637
22,32932,True,93637
22,32933,True,93637
22,34795,True,93637
22,34796,True,93637
22,35336,True,93637
22,35372,True,93637
22,36813,True,93637
22,37655,True,93637
22,38142,True,93637
22,39778,True,93637
22,40569,True,93637
22,43453,True,93637
22,47796,True,93637
22,48568,True,93637
22,48569,True,93637
22,48602,True,93637
22,49563,True,93637
22,49565,True,93637
22,51843,True,93637
22,54887,True,93637
22,55122,True,93637
22,55307,True,93637
22,55308,True,93637
22,62558,True,93637
22,62559,True,93637
22,64291,True,93637
22,65599,True,93637
22,65684,True,93637
23,41716,True,196762
23,41727,True,196762
23,41738,True,196762
29,8025,True,73903
29,8029,True,73903
29,14450,True,73903
30,2366,True,
31,1352,True,45713
31,1353,True,45713
31,1354,True,45713
31,28272,True,45713
31,46404,True,45713
31,64760,True,45713
32,1375,True,223999
32,35523,True,223999
32,57434,True,223999
37,5846,True,45225
37,65148,True,45225
45,3348,True,85626
45,6305,True,85626
45,8660,True,85626
45,8661,True,85626
45,9065,True,85626
45,9066,True,85626
45,9067,True,85626
45,10729,True,85626
45,10730,True,85626
45,10731,True,85626
45,10732,True,85626
46,2796,True,54771
46,3733,True,54771
48,55208,True,
49,3801,True,44423
49,4899,True,44423
49,5860,True,44423
49,5861,True,44423
49,6426,True,44423
51,851,True,41378
51,853,True,41378
51,1374,True,41378
51,3774,True,41378
51,4196,True,41378
51,4198,True,41378
51,6210,True,41378
51,6212,True,41378
51,13318,True,41378
51,39021,True,41378
51,51552,True,41378
52,851,True,41378
52,853,True,41378
52,1374,True,41378
52,3774,True,41378
52,4196,True,41378
52,4198,True,41378
52,6210,True,41378
52,6212,True,41378
52,13318,True,41378
52,39021,True,41378
52,51552,True,41378
53,3427,True,201057
53,3428,True,201057
53,3429,True,201057
53,4787,True,201057
54,851,True,38210
54,853,True,38210
54,1374,True,38210
54,3774,True,38210
54,4196,True,38210
54,4198,True,38210
54,6210,True,38210
54,6212,True,38210
54,13318,True,38210
54,39021,True,38210
54,51552,True,38210
55,851,True,38210
55,853,True,38210
55,1374,True,38210
55,3774,True,38210
55,4196,True,38210
55,4198,True,38210
55,6210,True,38210
55,6212,True,38210
55,13318,True,38210
55,39021,True,38210
55,51552,True,38210
59,1349,True,33707
59,1350,True,33707
59,4022,True,33707
59,4023,True,33707
59,19151,True,33707
59,19168,True,33707
59,32148,True,33707
59,34798,True,33707
59,34799,True,33707
59,67443,True,33707
59,67456,True,33707
60,298,True,7064
60,307,True,7064
60,1370,True,7064
60,1371,True,7064
60,74050,True,7064
60,74493,True,7064
61,298,True,264
61,307,True,264
61,1370,True,264
61,1371,True,264
61,74050,True,264
61,74493,True,264
64,296,True,33936
64,657,True,33936
64,1060,True,33936
64,1379,True,33936
64,1681,True,33936
64,1753,True,33936
64,6644,True,33936
64,6871,True,33936
64,22806,True,33936
64,25371,True,33936
64,27724,True,33936
64,32929,True,33936
64,34573,True,33936
64,34594,True,33936
64,34595,True,33936
64,34596,True,33936
64,34597,True,33936
64,37848,True,33936
64,39664,True,33936
64,42039,True,33936
64,44236,True,33936
64,46148,True,33936
64,48548,True,33936
64,48549,True,33936
64,48550,True,33936
64,48551,True,33936
64,49625,True,33936
64,49626,True,33936
64,49627,True,33936
64,49629,True,33936
64,50271,True,33936
64,51797,True,33936
64,52123,True,33936
64,53153,True,33936
64,57698,True,33936
64,57699,True,33936
64,57700,True,33936
64,57701,True,33936
64,58683,True,33936
64,58684,True,33936
64,59311,True,33936
64,64583,True,33936
64,65078,True,33936
64,65088,True,33936
64,65089,True,33936
64,65090,True,33936
64,65096,True,33936
64,65097,True,33936
64,65098,True,33936
64,65099,True,33936
64,65405,True,33936
64,65489,True,33936
64,65860,True,33936
64,67158,True,33936
64,68493,True,33936
64,69958,True,33936
64,69959,True,33936
64,69960,True,33936
64,71092,True,33936
64,71095,True,33936
64,71106,True,33936
64,71108,True,33936
64,71197,True,33936
68,374,True,15490
68,478,True,15490
68,479,True,15490
68,480,True,15490
68,1035,True,15490
68,1036,True,15490
68,3806,True,15490
68,7621,True,15490
68,16300,True,15490
68,16301,True,15490
68,16302,True,15490
68,22422,True,15490
68,28023,True,15490
68,32916,True,15490
68,32918,True,15490
68,50754,True,15490
69,3363,True,212296
69,6542,True,212296
69,6635,True,212296
69,6722,True,212296
69,11257,True,212296
69,17444,True,212296
69,22117,True,212296
69,26674,True,212296
69,28767,True,212296
69,30595,True,212296
69,35530,True,212296
69,44021,True,212296
69,49654,True,212296
69,51759,True,212296
69,64517,True,212296
69,72725,True,212296
74,296,True,5959
74,657,True,5959
74,1060,True,5959
74,1379,True,5959
74,1681,True,5959
74,1753,True,5959
74,6644,True,5959
74,6871,True,5959
74,22806,True,5959
74,25371,True,5959
74,27724,True,5959
74,32929,True,5959
74,34573,True,5959
74,34594,True,5959
74,34595,True,5959
74,34596,True,5959
74,34597,True,5959
74,37848,True,5959
74,39664,True,5959
74,42039,True,5959
74,44236,True,5959
74,46148,True,5959
74,48548,True,5959
74,48549,True,5959
74,48550,True,5959
74,48551,True,5959
74,49625,True,5959
74,49626,True,5959
74,49627,True,5959
74,49629,True,5959
74,50271,True,5959
74,51797,True,5959
74,52123,True,5959
74,53153,True,5959
74,57698,True,5959
74,57699,True,5959
74,57700,True,5959
74,57701,True,5959
74,58683,True,5959
74,58684,True,5959
74,59311,True,5959
74,64583,True,5959
74,65078,True,5959
74,65088,True,5959
74,65089,True,5959
74,65090,True,5959
74,65096,True,5959
74,65097,True,5959
74,65098,True,5959
74,65099,True,5959
74,65405,True,5959
74,65489,True,5959
74,65860,True,5959
74,67158,True,5959
74,68493,True,5959
74,69958,True,5959
74,69959,True,5959
74,69960,True,5959
74,71092,True,5959
74,71095,True,5959
74,71106,True,5959
74,71108,True,5959
74,71197,True,5959
77,429,True,53007
77,552,True,53007
77,609,True,53007
77,1339,True,53007
77,1594,True,53007
77,4194,True,53007
77,4535,True,53007
77,4536,True,53007
77,13582,True,53007
77,42510,True,53007
77,42511,True,53007
77,69244,True,53007
80,3464,True,
80,3465,True,
80,7326,True,
80,14554,True,
80,18788,True,
81,2620,True,
81,2621,True,
81,2622,True,
81,6396,True,
81,7332,True,
81,46624,True,
82,851,True,32476
82,853,True,32476
82,1374,True,32476
82,3774,True,32476
82,4196,True,32476
82,4198,True,32476
82,6210,True,32476
82,6212,True,32476
82,13318,True,32476
82,39021,True,32476
82,51552,True,32476
83,3025,True,46922
83,20101,True,46922
84,1856,True,50520
84,1857,True,50520
84,21998,True,50520
88,429,True,31941
88,552,True,31941
88,609,True,31941
88,1339,True,31941
88,1594,True,31941
88,4194,True,31941
88,4535,True,31941
88,4536,True,31941
88,13582,True,31941
88,42510,True,31941
88,42511,True,31941
88,69244,True,31941
89,55208,True,
91,3097,True,
91,8219,True,
91,22539,True,
91,25261,True,
94,787,True,
94,3511,True,
94,4576,True,
94,8258,True,
94,22502,True,
94,22576,True,
94,22581,True,
94,22763,True,
94,22819,True,
94,22870,True,
94,22871,True,
94,45928,True,
94,50264,True,
94,65920,True,
97,13817,True,131601
97,45109,True,131601
97,45110,True,131601
98,4900,True,
98,6465,True,
99,4900,True,84247
99,6465,True,84247
100,2514,True,82899
100,7290,True,82899
100,7291,True,82899
101,1599,True,47724
104,9083,True,59293
106,4117,True,52051
106,9056,True,52051
106,9057,True,52051
106,12240,True,52051
109,6654,True,60674
109,14459,True,60674
109,14461,True,60674
109,56117,True,60674
109,61137,True,60674
109,61138,True,60674
109,64589,True,60674
109,66340,True,60674
113,1599,True,47724
115,4181,True,
115,4357,True,
115,4872,True,
115,4888,True,
115,24305,True,
115,24313,True,
115,24321,True,
115,24329,True,
115,28713,True,
115,28721,True,
115,28729,True,
115,56787,True,
115,65888,True,
115,67529,True,
115,67537,True,
115,67545,True,
116,3363,True,
116,6542,True,
116,6635,True,
116,6722,True,
116,11257,True,
116,17444,True,
116,22117,True,
116,26674,True,
116,28767,True,
116,30595,True,
116,35530,True,
116,44021,True,
116,49654,True,
116,51759,True,
116,64517,True,
116,72725,True,
118,1849,True,50482
118,3098,True,50482
118,3099,True,50482
118,50795,True,50482
118,65555,True,50482
121,27937,True,126012
121,27938,True,126012
123,8823,True,
123,14742,True,
123,27418,True,
123,32730,True,
123,32731,True,
123,45108,True,
123,47525,True,
123,55644,True,
123,60054,True,
126,3214,True,60194
133,3801,True,44431
133,4899,True,44431
133,5860,True,44431
133,5861,True,44431
133,6426,True,44431
134,122,True,7439
134,123,True,7439
134,1027,True,7439
134,1028,True,7439
134,1030,True,7439
134,1340,True,7439
134,61191,True,7439
135,17819,True,
135,55716,True,
135,55719,True,
136,3464,True,
136,3465,True,
136,7326,True,
136,14554,True,
136,18788,True,
137,3720,True,
137,3721,True,
137,9075,True,
145,14469,True,219193
145,14470,True,219193
145,20747,True,219193
145,63436,True,219193
145,63467,True,219193
145,63468,True,219193
145,63469,True,219193
145,63470,True,219193
145,63471,True,219193
148,1317,True,
148,2498,True,
148,2611,True,
148,2612,True,
148,2613,True,
148,2640,True,
148,2734,True,
148,4835,True,
148,5750,True,
148,8335,True,
148,15146,True,
148,15147,True,
148,15927,True,
148,16303,True,
148,20544,True,
148,20573,True,
148,23590,True,
148,24390,True,
148,28396,True,
148,29836,True,
148,30490,True,
148,35924,True,
148,36780,True,
148,54370,True,
148,73936,True,
149,1849,True,52272
149,3098,True,52272
149,3099,True,52272
149,50795,True,52272
149,65555,True,52272
160,11494,True,116475
160,11522,True,116475
160,11550,True,116475
160,18145,True,116475
160,23997,True,116475
160,39022,True,116475
162,8342,True,96962
162,8343,True,96962
162,8344,True,96962
162,15779,True,96962
162,15780,True,96962
162,15781,True,96962
162,15782,True,96962
162,15783,True,96962
162,15784,True,96962
162,30843,True,96962
162,30844,True,96962
162,30845,True,96962
162,30846,True,96962
162,58176,True,96962
162,58178,True,96962
163,8342,True,96970
163,8343,True,96970
163,8344,True,96970
163,15779,True,96970
163,15780,True,96970
163,15781,True,96970
163,15782,True,96970
163,15783,True,96970
163,15784,True,96970
163,30843,True,96970
163,30844,True,96970
163,30845,True,96970
163,30846,True,96970
163,58176,True,96970
163,58178,True,96970
164,8342,True,96989
164,8343,True,96989
164,8344,True,96989
164,15779,True,96989
164,15780,True,96989
164,15781,True,96989
164,15782,True,96989
164,15783,True,96989
164,15784,True,96989
164,30843,True,96989
164,30844,True,96989
164,30845,True,96989
164,30846,True,96989
164,58176,True,96989
164,58178,True,96989
165,8342,True,96997
165,8343,True,96997
165,8344,True,96997
165,15779,True,96997
165,15780,True,96997
165,15781,True,96997
165,15782,True,96997
165,15783,True,96997
165,15784,True,96997
165,30843,True,96997
165,30844,True,96997
165,30845,True,96997
165,30846,True,96997
165,58176,True,96997
165,58178,True,96997
167,3184,True,60151
167,28046,True,60151
170,7040,True,84336
170,11664,True,84336
170,21341,True,84336
170,21357,True,84336
170,21389,True,84336
170,21405,True,84336
171,17843,True,69566
177,284,True,93629
177,438,True,93629
177,665,True,93629
177,989,True,93629
177,11103,True,93629
177,11104,True,93629
177,13781,True,93629
177,16496,True,93629
177,22475,True,93629
177,23554,True,93629
177,24094,True,93629
177,24447,True,93629
177,24967,True,93629
177,28024,True,93629
177,29058,True,93629
177,30210,True,93629
177,30842,True,93629
177,32636,True,93629
177,32932,True,93629
177,32933,True,93629
177,34795,True,93629
177,34796,True,93629
177,35336,True,93629
177,35372,True,93629
177,36813,True,93629
177,37655,True,93629
177,38142,True,93629
177,39778,True,93629
177,40569,True,93629
177,43453,True,93629
177,47796,True,93629
177,48568,True,93629
177,48569,True,93629
177,48602,True,93629
177,49563,True,93629
177,49565,True,93629
177,51843,True,93629
177,54887,True,93629
177,55122,True,93629
177,55307,True,93629
177,55308,True,93629
177,62558,True,93629
177,62559,True,93629
177,64291,True,93629
177,65599,True,93629
177,65684,True,93629
179,24382,True,117838
179,58605,True,117838
180,24382,True,117838
180,58605,True,117838
181,1309,True,
181,1310,True,
181,1378,True,
181,3481,True,
181,4818,True,
181,4819,True,
181,5886,True,
181,5887,True,
181,5888,True,
181,5889,True,
181,5913,True,
181,10394,True,
181,10395,True,
181,10396,True,
181,10398,True,
181,12934,True,
181,12936,True,
181,12938,True,
181,13583,True,
181,20152,True,
181,20153,True,
181,28036,True,
181,38171,True,
181,70585,True,
181,70601,True,
181,70602,True,
181,70839,True,
183,1317,True,95176
183,2498,True,95176
183,2611,True,95176
183,2612,True,95176
183,2613,True,95176
183,2640,True,95176
183,2734,True,95176
183,4835,True,95176
183,5750,True,95176
183,8335,True,95176
183,15146,True,95176
183,15147,True,95176
183,15927,True,95176
183,16303,True,95176
183,20544,True,95176
183,20573,True,95176
183,23590,True,95176
183,24390,True,95176
183,28396,True,95176
183,29836,True,95176
183,30490,True,95176
183,35924,True,95176
183,36780,True,95176
183,54370,True,95176
183,73936,True,95176
187,63317,True,
188,59988,True,214817
188,59996,True,214817
192,3363,True,212296
192,6542,True,212296
192,6635,True,212296
192,6722,True,212296
192,11257,True,212296
192,17444,True,212296
192,22117,True,212296
192,26674,True,212296
192,28767,True,212296
192,30595,True,212296
192,35530,True,212296
192,44021,True,212296
192,49654,True,212296
192,51759,True,212296
192,64517,True,212296
192,72725,True,212296
194,32771,True,
196,416,True,3913
196,417,True,3913
196,11243,True,3913
196,15564,True,3913
196,16255,True,3913
196,16256,True,3913
197,4827,True,
197,5984,True,
200,2514,True,82880
200,7290,True,82880
200,7291,True,82880
202,6081,True,46310
202,6082,True,46310
202,6573,True,46310
202,6574,True,46310
202,26533,True,46310
202,28506,True,46310
202,28508,True,46310
202,44234,True,46310
202,59306,True,46310
202,62623,True,46310
202,68404,True,46310
205,1375,True,223972
205,35523,True,223972
205,57434,True,223972
206,0,True,152056
206,282,True,152056
206,40015,True,152056
208,3464,True,
208,3465,True,
208,7326,True,
208,14554,True,
208,18788,True,
213,3801,True,44466
213,4899,True,44466
213,5860,True,44466
213,5861,True,44466
213,6426,True,44466
214,122,True,7439
214,123,True,7439
214,1027,True,7439
214,1028,True,7439
214,1030,True,7439
214,1340,True,7439
214,61191,True,7439
215,28737,True,128228
215,28738,True,128228
217,4704,True,199303
217,4705,True,199303
217,4706,True,199303
217,4707,True,199303
217,44699,True,199303
218,4704,True,75698
218,4705,True,75698
218,4706,True,75698
218,4707,True,75698
218,44699,True,75698
226,535,True,31860
226,1191,True,31860
226,1285,True,31860
226,1878,True,31860
226,1879,True,31860
226,1880,True,31860
226,1881,True,31860
226,2973,True,31860
226,3522,True,31860
226,6178,True,31860
226,10032,True,31860
226,13280,True,31860
226,13398,True,31860
226,13399,True,31860
226,13400,True,31860
226,13401,True,31860
226,13402,True,31860
226,13403,True,31860
226,17655,True,31860
226,18280,True,31860
226,23799,True,31860
226,42061,True,31860
226,69364,True,31860
231,4704,True,
231,4705,True,
231,4706,True,
231,4707,True,
231,44699,True,
232,55208,True,
233,55208,True,
237,49396,True,133388
237,49397,True,133388
237,49398,True,133388
237,49399,True,133388
238,1473,True,
238,1474,True,
238,5734,True,
238,6631,True,
238,6632,True,
238,6633,True,
238,6634,True,
238,10441,True,
238,39313,True,
238,58671,True,
239,374,True,26190
239,478,True,26190
239,479,True,26190
239,480,True,26190
239,1035,True,26190
239,1036,True,26190
239,3806,True,26190
239,7621,True,26190
239,16300,True,26190
239,16301,True,26190
239,16302,True,26190
239,22422,True,26190
239,28023,True,26190
239,32916,True,26190
239,32918,True,26190
239,50754,True,26190
240,374,True,81043
240,478,True,81043
240,479,True,81043
240,480,True,81043
240,1035,True,81043
240,1036,True,81043
240,3806,True,81043
240,7621,True,81043
240,16300,True,81043
240,16301,True,81043
240,16302,True,81043
240,22422,True,81043
240,28023,True,81043
240,32916,True,81043
240,32918,True,81043
240,50754,True,81043
241,4736,True,75191
241,41756,True,75191
241,70039,True,75191
245,25456,True,
245,35093,True,
245,35102,True,
245,35111,True,
246,4346,True,93769
246,4347,True,93769
246,5829,True,93769
246,5830,True,93769
246,6783,True,93769
246,9073,True,93769
246,11166,True,93769
246,24991,True,93769
246,45573,True,93769
247,2149,True,51098
247,2151,True,51098
247,2153,True,51098
247,5994,True,51098
247,16545,True,51098
247,18872,True,51098
247,19153,True,51098
247,32037,True,51098
247,67054,True,51098
247,67058,True,51098
249,1462,True,
249,1463,True,
249,1464,True,
249,36923,True,
253,1311,True,
253,1312,True,
253,3141,True,
253,3177,True,
253,6193,True,
253,8467,True,
253,17591,True,
253,46913,True,
253,58294,True,
253,58295,True,
253,60200,True,
253,65533,True,
253,67854,True,
254,851,True,67679
254,853,True,67679
254,1374,True,67679
254,3774,True,67679
254,4196,True,67679
254,4198,True,67679
254,6210,True,67679
254,6212,True,67679
254,13318,True,67679
254,39021,True,67679
254,51552,True,67679
255,2796,True,54771
255,3733,True,54771
259,1335,True,
259,6547,True,
260,2514,True,82880
260,7290,True,82880
260,7291,True,82880
264,296,True,5967
264,657,True,5967
264,1060,True,5967
264,1379,True,5967
264,1681,True,5967
264,1753,True,5967
264,6644,True,5967
264,6871,True,5967
264,22806,True,5967
264,25371,True,5967
264,27724,True,5967
264,32929,True,5967
264,34573,True,5967
264,34594,True,5967
264,34595,True,5967
264,34596,True,5967
264,34597,True,5967
264,37848,True,5967
264,39664,True,5967
264,42039,True,5967
264,44236,True,5967
264,46148,True,5967
264,48548,True,5967
264,48549,True,5967
264,48550,True,5967
264,48551,True,5967
264,49625,True,5967
264,49626,True,5967
264,49627,True,5967
264,49629,True,5967
264,50271,True,5967
264,51797,True,5967
264,52123,True,5967
264,53153,True,5967
264,57698,True,5967
264,57699,True,5967
264,57700,True,5967
264,57701,True,5967
264,58683,True,5967
264,58684,True,5967
264,59311,True,5967
264,64583,True,5967
264,65078,True,5967
264,65088,True,5967
264,65089,True,5967
264,65090,True,5967
264,65096,True,5967
264,65097,True,5967
264,65098,True,5967
264,65099,True,5967
264,65405,True,5967
264,65489,True,5967
264,65860,True,5967
264,67158,True,5967
264,68493,True,5967
264,69958,True,5967
264,69959,True,5967
264,69960,True,5967
264,71092,True,5967
264,71095,True,5967
264,71106,True,5967
264,71108,True,5967
264,71197,True,5967
265,4754,True,75345
265,4755,True,75345
265,41506,True,75345
268,472,True,118095
268,482,True,118095
268,621,True,118095
268,643,True,118095
268,19785,True,118095
268,24478,True,118095
268,39675,True,118095
272,1317,True,
272,2498,True,
272,2611,True,
272,2612,True,
272,2613,True,
272,2640,True,
272,2734,True,
272,4835,True,
272,5750,True,
272,8335,True,
272,15146,True,
272,15147,True,
272,15927,True,
272,16303,True,
272,20544,True,
272,20573,True,
272,23590,True,
272,24390,True,
272,28396,True,
272,29836,True,
272,30490,True,
272,35924,True,
272,36780,True,
272,54370,True,
272,73936,True,
285,296,True,3387
285,657,True,3387
285,1060,True,3387
285,1379,True,3387
285,1681,True,3387
285,1753,True,3387
285,6644,True,3387
285,6871,True,3387
285,22806,True,3387
285,25371,True,3387
285,27724,True,3387
285,32929,True,3387
285,34573,True,3387
285,34594,True,3387
285,34595,True,3387
285,34596,True,3387
285,34597,True,3387
285,37848,True,3387
285,39664,True,3387
285,42039,True,3387
285,44236,True,3387
285,46148,True,3387
285,48548,True,3387
285,48549,True,3387
285,48550,True,3387
285,48551,True,3387
285,49625,True,3387
285,49626,True,3387
285,49627,True,3387
285,49629,True,3387
285,50271,True,3387
285,51797,True,3387
285,52123,True,3387
285,53153,True,3387
285,57698,True,3387
285,57699,True,3387
285,57700,True,3387
285,57701,True,3387
285,58683,True,3387
285,58684,True,3387
285,59311,True,3387
285,64583,True,3387
285,65078,True,3387
285,65088,True,3387
285,65089,True,3387
285,65090,True,3387
285,65096,True,3387
285,65097,True,3387
285,65098,True,3387
285,65099,True,3387
285,65405,True,3387
285,65489,True,3387
285,65860,True,3387
285,67158,True,3387
285,68493,True,3387
285,69958,True,3387
285,69959,True,3387
285,69960,True,3387
285,71092,True,3387
285,71095,True,3387
285,71106,True,3387
285,71108,True,3387
285,71197,True,3387
286,137,True,14818
286,138,True,14818
286,139,True,14818
286,24301,True,14818
287,137,True,14826
287,138,True,14826
287,139,True,14826
287,24301,True,14826
288,137,True,14796
288,138,True,14796
288,139,True,14796
288,24301,True,14796
290,1845,True,88811
290,1846,True,88811
290,1847,True,88811
290,17821,True,88811
290,17822,True,88811
290,20807,True,88811
290,22190,True,88811
290,28032,True,88811
290,54111,True,88811
290,54112,True,88811
290,54113,True,88811
290,54114,True,88811
290,54115,True,88811
290,54116,True,88811
290,71787,True,88811
290,74363,True,88811
296,8342,True,96997
296,8343,True,96997
296,8344,True,96997
296,15779,True,96997
296,15780,True,96997
296,15781,True,96997
296,15782,True,96997
296,15783,True,96997
296,15784,True,96997
296,30843,True,96997
296,30844,True,96997
296,30845,True,96997
296,30846,True,96997
296,58176,True,96997
296,58178,True,96997
297,755,True,58173
297,1465,True,58173
297,1725,True,58173
297,1726,True,58173
297,5257,True,58173
297,8016,True,58173
297,8017,True,58173
297,8018,True,58173
297,8019,True,58173
297,8026,True,58173
297,8027,True,58173
297,8028,True,58173
297,8031,True,58173
297,8032,True,58173
297,8038,True,58173
297,8039,True,58173
297,8040,True,58173
297,8041,True,58173
297,8046,True,58173
297,11174,True,58173
297,12209,True,58173
297,12580,True,58173
297,16250,True,58173
297,22491,True,58173
297,47114,True,58173
297,71067,True,58173
297,71199,True,58173
299,11177,True,223964
299,13320,True,223964
299,20032,True,223964
299,24577,True,223964
299,32292,True,223964
299,65364,True,223964
299,65379,True,223964
309,22334,True,
309,22336,True,
312,851,True,38210
312,853,True,38210
312,1374,True,38210
312,3774,True,38210
312,4196,True,38210
312,4198,True,38210
312,6210,True,38210
312,6212,True,38210
312,13318,True,38210
312,39021,True,38210
312,51552,True,38210
314,1237,True,44172
314,18864,True,44172
314,68271,True,44172
316,3097,True,
316,8219,True,
316,22539,True,
316,25261,True,
321,1349,True,33693
321,1350,True,33693
321,4022,True,33693
321,4023,True,33693
321,19151,True,33693
321,19168,True,33693
321,32148,True,33693
321,34798,True,33693
321,34799,True,33693
321,67443,True,33693
321,67456,True,33693
324,12415,True,83879
324,24572,True,83879
326,3464,True,94188
326,3465,True,94188
326,7326,True,94188
326,14554,True,94188
326,18788,True,94188
328,1317,True,
328,2498,True,
328,2611,True,
328,2612,True,
328,2613,True,
328,2640,True,
328,2734,True,
328,4835,True,
328,5750,True,
328,8335,True,
328,15146,True,
328,15147,True,
328,15927,True,
328,16303,True,
328,20544,True,
328,20573,True,
328,23590,True,
328,24390,True,
328,28396,True,
328,29836,True,
328,30490,True,
328,35924,True,
328,36780,True,
328,54370,True,
328,73936,True,
329,1317,True,
329,2498,True,
329,2611,True,
329,2612,True,
329,2613,True,
329,2640,True,
329,2734,True,
329,4835,True,
329,5750,True,
329,8335,True,
329,15146,True,
329,15147,True,
329,15927,True,
329,16303,True,
329,20544,True,
329,20573,True,
329,23590,True,
329,24390,True,
329,28396,True,
329,29836,True,
329,30490,True,
329,35924,True,
329,36780,True,
329,54370,True,
329,73936,True,
337,28737,True,
337,28738,True,
342,11840,True,
342,11841,True,
342,11842,True,
342,65424,True,
342,68273,True,
344,933,True,29785
344,934,True,29785
344,1485,True,29785
344,1727,True,29785
344,1728,True,29785
344,1729,True,29785
344,1730,True,29785
344,26312,True,29785
345,933,True,29793
345,934,True,29793
345,1485,True,29793
345,1727,True,29793
345,1728,True,29793
345,1729,True,29793
345,1730,True,29793
345,26312,True,29793
346,933,True,29793
346,934,True,29793
346,1485,True,29793
346,1727,True,29793
346,1728,True,29793
346,1729,True,29793
346,1730,True,29793
346,26312,True,29793
347,650,True,
347,53802,True,
348,2149,True,51098
348,2151,True,51098
348,2153,True,51098
348,5994,True,51098
348,16545,True,51098
348,18872,True,51098
348,19153,True,51098
348,32037,True,51098
348,67054,True,51098
348,67058,True,51098
352,1673,True,231045
352,20532,True,231045
352,45425,True,231045
352,72314,True,231045
355,2600,True,29874
355,9949,True,29874
356,8758,True,84352
358,7897,True,94803
358,15338,True,94803
358,15339,True,94803
358,73002,True,94803
358,73152,True,94803
366,2474,True,53902
366,2475,True,53902
366,3551,True,53902
366,24788,True,53902
366,25422,True,53902
366,28940,True,53902
366,36441,True,53902
367,1858,True,125156
367,1859,True,125156
367,2583,True,125156
367,2584,True,125156
367,2845,True,125156
367,3138,True,125156
367,4952,True,125156
367,5181,True,125156
367,5183,True,125156
367,5184,True,125156
367,5186,True,125156
367,49435,True,125156
368,41311,True,201650
368,41312,True,201650
368,41313,True,201650
368,49436,True,201650
368,49437,True,201650
368,49438,True,201650
368,65621,True,201650
368,65622,True,201650
368,72727,True,201650
370,1673,True,
370,20532,True,
370,45425,True,
370,72314,True,
371,11263,True,71293
371,11298,True,71293
371,49337,True,71293
382,2474,True,53880
382,2475,True,53880
382,3551,True,53880
382,24788,True,53880
382,25422,True,53880
382,28940,True,53880
382,36441,True,53880
384,1230,True,121363
384,1593,True,121363
384,11161,True,121363
384,25182,True,121363
386,429,True,
386,552,True,
386,609,True,
386,1339,True,
386,1594,True,
386,4194,True,
386,4535,True,
386,4536,True,
386,13582,True,
386,42510,True,
386,42511,True,
386,69244,True,
388,24775,True,222755
388,24776,True,222755
388,24777,True,222755
388,25026,True,222755
388,55730,True,222755
388,71578,True,222755
392,60488,True,106550
393,2620,True,21083
393,2621,True,21083
393,2622,True,21083
393,6396,True,21083
393,7332,True,21083
393,46624,True,21083
394,2620,True,21083
394,2621,True,21083
394,2622,True,21083
394,6396,True,21083
394,7332,True,21083
394,46624,True,21083
395,2620,True,21075
395,2621,True,21075
395,2622,True,21075
395,6396,True,21075
395,7332,True,21075
395,46624,True,21075
396,2620,True,23698
396,2621,True,23698
396,2622,True,23698
396,6396,True,23698
396,7332,True,23698
396,46624,True,23698
400,24775,True,222771
400,24776,True,222771
400,24777,True,222771
400,25026,True,222771
400,55730,True,222771
400,71578,True,222771
401,2514,True,82899
401,7290,True,82899
401,7291,True,82899
402,472,True,5738
402,482,True,5738
402,621,True,5738
402,643,True,5738
402,19785,True,5738
402,24478,True,5738
402,39675,True,5738
406,11171,True,90301
406,21340,True,90301
409,3348,True,85642
409,6305,True,85642
409,8660,True,85642
409,8661,True,85642
409,9065,True,85642
409,9066,True,85642
409,9067,True,85642
409,10729,True,85642
409,10730,True,85642
409,10731,True,85642
409,10732,True,85642
416,122,True,7447
416,123,True,7447
416,1027,True,7447
416,1028,True,7447
416,1030,True,7447
416,1340,True,7447
416,61191,True,7447
417,122,True,7439
417,123,True,7439
417,1027,True,7439
417,1028,True,7439
417,1030,True,7439
417,1340,True,7439
417,61191,True,7439
418,122,True,7447
418,123,True,7447
418,1027,True,7447
418,1028,True,7447
418,1030,True,7447
418,1340,True,7447
418,61191,True,7447
419,122,True,7447
419,123,True,7447
419,1027,True,7447
419,1028,True,7447
419,1030,True,7447
419,1340,True,7447
419,61191,True,7447
420,20705,True,104531
420,20712,True,104531
420,23988,True,104531
422,2769,True,56774
422,10425,True,56774
424,1721,True,204056
424,2357,True,204056
424,4113,True,204056
424,28083,True,204056
424,28978,True,204056
424,47763,True,204056
424,63319,True,204056
424,65785,True,204056
428,6345,True,67814
428,6347,True,67814
428,6348,True,67814
428,6572,True,67814
428,11097,True,67814
430,14015,True,82120
430,14037,True,82120
430,17151,True,82120
430,17217,True,82120
430,44113,True,82120
431,14015,True,82139
431,14037,True,82139
431,17151,True,82139
431,17217,True,82139
431,44113,True,82139
436,3506,True,69493
436,3507,True,69493
436,72218,True,69493
438,1349,True,33693
438,1350,True,33693
438,4022,True,33693
438,4023,True,33693
438,19151,True,33693
438,19168,True,33693
438,32148,True,33693
438,34798,True,33693
438,34799,True,33693
438,67443,True,33693
438,67456,True,33693
439,63098,True,218677
440,429,True,27847
440,552,True,27847
440,609,True,27847
440,1339,True,27847
440,1594,True,27847
440,4194,True,27847
440,4535,True,27847
440,4536,True,27847
440,13582,True,27847
440,42510,True,27847
440,42511,True,27847
440,69244,True,27847
442,4181,True,117587
442,4357,True,117587
442,4872,True,117587
442,4888,True,117587
442,24305,True,117587
442,24313,True,117587
442,24321,True,117587
442,24329,True,117587
442,28713,True,117587
442,28721,True,117587
442,28729,True,117587
442,56787,True,117587
442,65888,True,117587
442,67529,True,117587
442,67537,True,117587
442,67545,True,117587
444,24382,True,117838
444,58605,True,117838
445,24382,True,117838
445,58605,True,117838
449,2620,True,
449,2621,True,
449,2622,True,
449,6396,True,
449,7332,True,
449,46624,True,
450,3801,True,44423
450,4899,True,44423
450,5860,True,44423
450,5861,True,44423
450,6426,True,44423
453,374,True,15490
453,478,True,15490
453,479,True,15490
453,480,True,15490
453,1035,True,15490
453,1036,True,15490
453,3806,True,15490
453,7621,True,15490
453,16300,True,15490
453,16301,True,15490
453,16302,True,15490
453,22422,True,15490
453,28023,True,15490
453,32916,True,15490
453,32918,True,15490
453,50754,True,15490
454,122,True,7439
454,123,True,7439
454,1027,True,7439
454,1028,True,7439
454,1030,True,7439
454,1340,True,7439
454,61191,True,7439
455,122,True,7447
455,123,True,7447
455,1027,True,7447
455,1028,True,7447
455,1030,True,7447
455,1340,True,7447
455,61191,True,7447
456,122,True,7447
456,123,True,7447
456,1027,True,7447
456,1028,True,7447
456,1030,True,7447
456,1340,True,7447
456,61191,True,7447
457,122,True,7439
457,123,True,7439
457,1027,True,7439
457,1028,True,7439
457,1030,True,7439
457,1340,True,7439
457,61191,True,7439
458,122,True,7439
458,123,True,7439
458,1027,True,7439
458,1028,True,7439
458,1030,True,7439
458,1340,True,7439
458,61191,True,7439
460,1856,True,50504
460,1857,True,50504
460,21998,True,50504
461,1856,True,50520
461,1857,True,50520
461,21998,True,50520
465,24742,True,119245
472,1325,True,45543
472,1326,True,45543
472,3181,True,45543
472,3413,True,45543
472,3414,True,45543
472,3437,True,45543
472,3438,True,45543
472,3478,True,45543
472,3909,True,45543
472,3910,True,45543
472,11480,True,45543
472,11481,True,45543
472,11482,True,45543
473,37472,True,
474,47394,True,209341
474,47395,True,209341
479,3464,True,
479,3465,True,
479,7326,True,
479,14554,True,
479,18788,True,
480,851,True,45845
480,853,True,45845
480,1374,True,45845
480,3774,True,45845
480,4196,True,45845
480,4198,True,45845
480,6210,True,45845
480,6212,True,45845
480,13318,True,45845
480,39021,True,45845
480,51552,True,45845
481,296,True,
481,657,True,
481,1060,True,
481,1379,True,
481,1681,True,
481,1753,True,
481,6644,True,
481,6871,True,
481,22806,True,
481,25371,True,
481,27724,True,
481,32929,True,
481,34573,True,
481,34594,True,
481,34595,True,
481,34596,True,
481,34597,True,
481,37848,True,
481,39664,True,
481,42039,True,
481,44236,True,
481,46148,True,
481,48548,True,
481,48549,True,
481,48550,True,
481,48551,True,
481,49625,True,
481,49626,True,
481,49627,True,
481,49629,True,
481,50271,True,
481,51797,True,
481,52123,True,
481,53153,True,
481,57698,True,
481,57699,True,
481,57700,True,
481,57701,True,
481,58683,True,
481,58684,True,
481,59311,True,
481,64583,True,
481,65078,True,
481,65088,True,
481,65089,True,
481,65090,True,
481,65096,True,
481,65097,True,
481,65098,True,
481,65099,True,
481,65405,True,
481,65489,True,
481,65860,True,
481,67158,True,
481,68493,True,
481,69958,True,
481,69959,True,
481,69960,True,
481,71092,True,
481,71095,True,
481,71106,True,
481,71108,True,
481,71197,True,
483,46996,True,204684
483,47008,True,204684
484,46996,True,204684
484,47008,True,204684
485,17819,True,212202
485,55716,True,212202
485,55719,True,212202
489,24416,True,
490,8342,True,96989
490,8343,True,96989
490,8344,True,96989
490,15779,True,96989
490,15780,True,96989
490,15781,True,96989
490,15782,True,96989
490,15783,True,96989
490,15784,True,96989
490,30843,True,96989
490,30844,True,96989
490,30845,True,96989
490,30846,True,96989
490,58176,True,96989
490,58178,True,96989
491,8342,True,96962
491,8343,True,96962
491,8344,True,96962
491,15779,True,96962
491,15780,True,96962
491,15781,True,96962
491,15782,True,96962
491,15783,True,96962
491,15784,True,96962
491,30843,True,96962
491,30844,True,96962
491,30845,True,96962
491,30846,True,96962
491,58176,True,96962
491,58178,True,96962
492,8342,True,96970
492,8343,True,96970
492,8344,True,96970
492,15779,True,96970
492,15780,True,96970
492,15781,True,96970
492,15782,True,96970
492,15783,True,96970
492,15784,True,96970
492,30843,True,96970
492,30844,True,96970
492,30845,True,96970
492,30846,True,96970
492,58176,True,96970
492,58178,True,96970
493,1462,True,
493,1463,True,
493,1464,True,
493,36923,True,
496,24290,True,129771
496,29553,True,129771
496,29603,True,129771
496,35987,True,129771
496,36673,True,129771
496,39546,True,129771
496,39581,True,129771
496,50679,True,129771
496,61665,True,129771
500,374,True,81043
500,478,True,81043
500,479,True,81043
500,480,True,81043
500,1035,True,81043
500,1036,True,81043
500,3806,True,81043
500,7621,True,81043
500,16300,True,81043
500,16301,True,81043
500,16302,True,81043
500,22422,True,81043
500,28023,True,81043
500,32916,True,81043
500,32918,True,81043
500,50754,True,81043
504,13817,True,131601
504,45109,True,131601
504,45110,True,131601
507,4704,True,199303
507,4705,True,199303
507,4706,True,199303
507,4707,True,199303
507,44699,True,199303
508,264,True,16942
510,3217,True,60232
510,54578,True,60232
511,4117,True,67857
511,9056,True,67857
511,9057,True,67857
511,12240,True,67857
512,755,True,
512,1465,True,
512,1725,True,
512,1726,True,
512,5257,True,
512,8016,True,
512,8017,True,
512,8018,True,
512,8019,True,
512,8026,True,
512,8027,True,
512,8028,True,
512,8031,True,
512,8032,True,
512,8038,True,
512,8039,True,
512,8040,True,
512,8041,True,
512,8046,True,
512,11174,True,
512,12209,True,
512,12580,True,
512,16250,True,
512,22491,True,
512,47114,True,
512,71067,True,
512,71199,True,
513,55207,True,210307
514,799,True,68284
514,800,True,68284
514,801,True,68284
514,910,True,68284
514,1227,True,68284
514,2758,True,68284
514,3757,True,68284
514,3758,True,68284
514,3759,True,68284
514,63000,True,68284
514,63001,True,68284
514,69197,True,68284
515,3464,True,
515,3465,True,
515,7326,True,
515,14554,True,
515,18788,True,
518,605,True,17469
518,703,True,17469
518,1313,True,17469
518,1883,True,17469
518,3116,True,17469
518,3874,True,17469
518,5915,True,17469
518,13567,True,17469
518,22818,True,17469
518,32783,True,17469
518,43219,True,17469
518,43559,True,17469
518,50650,True,17469
518,50651,True,17469
518,63216,True,17469
518,73956,True,17469
519,851,True,67679
519,853,True,67679
519,1374,True,67679
519,3774,True,67679
519,4196,True,67679
519,4198,True,67679
519,6210,True,67679
519,6212,True,67679
519,13318,True,67679
519,39021,True,67679
519,51552,True,67679
521,1317,True,67903
521,2498,True,67903
521,2611,True,67903
521,2612,True,67903
521,2613,True,67903
521,2640,True,67903
521,2734,True,67903
521,4835,True,67903
521,5750,True,67903
521,8335,True,67903
521,15146,True,67903
521,15147,True,67903
521,15927,True,67903
521,16303,True,67903
521,20544,True,67903
521,20573,True,67903
521,23590,True,67903
521,24390,True,67903
521,28396,True,67903
521,29836,True,67903
521,30490,True,67903
521,35924,True,67903
521,36780,True,67903
521,54370,True,67903
521,73936,True,67903
527,6081,True,46310
527,6082,True,46310
527,6573,True,46310
527,6574,True,46310
527,26533,True,46310
527,28506,True,46310
527,28508,True,46310
527,44234,True,46310
527,59306,True,46310
527,62623,True,46310
527,68404,True,46310
528,12457,True,85448
528,18141,True,85448
529,2859,True,
529,2887,True,
529,11066,True,
529,13445,True,
529,13668,True,
529,13695,True,
529,13722,True,
529,13750,True,
529,23312,True,
529,23340,True,
529,23656,True,
536,12415,True,83879
536,24572,True,83879
537,3506,True,69507
537,3507,True,69507
537,72218,True,69507
538,3556,True,63541
538,3557,True,63541
538,21632,True,63541
538,24574,True,63541
539,2354,True,99015
539,4855,True,99015
539,19774,True,99015
541,20705,True,104531
541,20712,True,104531
541,23988,True,104531
542,20705,True,
542,20712,True,
542,23988,True,
543,20705,True,82414
543,20712,True,82414
543,23988,True,82414
549,1352,True,45721
549,1353,True,45721
549,1354,True,45721
549,28272,True,45721
549,46404,True,45721
549,64760,True,45721
550,851,True,32476
550,853,True,32476
550,1374,True,32476
550,3774,True,32476
550,4196,True,32476
550,4198,True,32476
550,6210,True,32476
550,6212,True,32476
550,13318,True,32476
550,39021,True,32476
550,51552,True,32476
554,296,True,1651
554,657,True,1651
554,1060,True,1651
554,1379,True,1651
554,1681,True,1651
554,1753,True,1651
554,6644,True,1651
554,6871,True,1651
554,22806,True,1651
554,25371,True,1651
554,27724,True,1651
554,32929,True,1651
554,34573,True,1651
554,34594,True,1651
554,34595,True,1651
554,34596,True,1651
554,34597,True,1651
554,37848,True,1651
554,39664,True,1651
554,42039,True,1651
554,44236,True,1651
554,46148,True,1651
554,48548,True,1651
554,48549,True,1651
554,48550,True,1651
554,48551,True,1651
554,49625,True,1651
554,49626,True,1651
554,49627,True,1651
554,49629,True,1651
554,50271,True,1651
554,51797,True,1651
554,52123,True,1651
554,53153,True,1651
554,57698,True,1651
554,57699,True,1651
554,57700,True,1651
554,57701,True,1651
554,58683,True,1651
554,58684,True,1651
554,59311,True,1651
554,64583,True,1651
554,65078,True,1651
554,65088,True,1651
554,65089,True,1651
554,65090,True,1651
554,65096,True,1651
554,65097,True,1651
554,65098,True,1651
554,65099,True,1651
554,65405,True,1651
554,65489,True,1651
554,65860,True,1651
554,67158,True,1651
554,68493,True,1651
554,69958,True,1651
554,69959,True,1651
554,69960,True,1651
554,71092,True,1651
554,71095,True,1651
554,71106,True,1651
554,71108,True,1651
554,71197,True,1651
559,296,True,5959
559,657,True,5959
559,1060,True,5959
559,1379,True,5959
559,1681,True,5959
559,1753,True,5959
559,6644,True,5959
559,6871,True,5959
559,22806,True,5959
559,25371,True,5959
559,27724,True,5959
559,32929,True,5959
559,34573,True,5959
559,34594,True,5959
559,34595,True,5959
559,34596,True,5959
559,34597,True,5959
559,37848,True,5959
559,39664,True,5959
559,42039,True,5959
559,44236,True,5959
559,46148,True,5959
559,48548,True,5959
559,48549,True,5959
559,48550,True,5959
559,48551,True,5959
559,49625,True,5959
559,49626,True,5959
559,49627,True,5959
559,49629,True,5959
559,50271,True,5959
559,51797,True,5959
559,52123,True,5959
559,53153,True,5959
559,57698,True,5959
559,57699,True,5959
559,57700,True,5959
559,57701,True,5959
559,58683,True,5959
559,58684,True,5959
559,59311,True,5959
559,64583,True,5959
559,65078,True,5959
559,65088,True,5959
559,65089,True,5959
559,65090,True,5959
559,65096,True,5959
559,65097,True,5959
559,65098,True,5959
559,65099,True,5959
559,65405,True,5959
559,65489,True,5959
559,65860,True,5959
559,67158,True,5959
559,68493,True,5959
559,69958,True,5959
559,69959,True,5959
559,69960,True,5959
559,71092,True,5959
559,71095,True,5959
559,71106,True,5959
559,71108,True,5959
559,71197,True,5959
564,6411,True,75248
564,12945,True,75248
564,22000,True,75248
564,22001,True,75248
564,23243,True,75248
564,28670,True,75248
564,28671,True,75248
564,28839,True,75248
564,29129,True,75248
564,30478,True,75248
564,36879,True,75248
564,60608,True,75248
564,64839,True,75248
568,1599,True,47724
570,2149,True,102296
570,2151,True,102296
570,2153,True,102296
570,5994,True,102296
570,16545,True,102296
570,18872,True,102296
570,19153,True,102296
570,32037,True,102296
570,67054,True,102296
570,67058,True,102296
571,3720,True,
571,3721,True,
571,9075,True,
574,605,True,27278
574,703,True,27278
574,1313,True,27278
574,1883,True,27278
574,3116,True,27278
574,3874,True,27278
574,5915,True,27278
574,13567,True,27278
574,22818,True,27278
574,32783,True,27278
574,43219,True,27278
574,43559,True,27278
574,50650,True,27278
574,50651,True,27278
574,63216,True,27278
574,73956,True,27278
592,4704,True,75736
592,4705,True,75736
592,4706,True,75736
592,4707,True,75736
592,44699,True,75736
598,3464,True,
598,3465,True,
598,7326,True,
598,14554,True,
598,18788,True,
602,7897,True,
602,15338,True,
602,15339,True,
602,73002,True,
602,73152,True,
603,11731,True,196886
603,11732,True,196886
608,605,True,27278
608,703,True,27278
608,1313,True,27278
608,1883,True,27278
608,3116,True,27278
608,3874,True,27278
608,5915,True,27278
608,13567,True,27278
608,22818,True,27278
608,32783,True,27278
608,43219,True,27278
608,43559,True,27278
608,50650,True,27278
608,50651,True,27278
608,63216,True,27278
608,73956,True,27278
609,10391,True,167371
609,11176,True,167371
609,20094,True,167371
609,20562,True,167371
609,22742,True,167371
613,14015,True,82112
613,14037,True,82112
613,17151,True,82112
613,17217,True,82112
613,44113,True,82112
616,55208,True,
619,14015,True,82112
619,14037,True,82112
619,17151,True,82112
619,17217,True,82112
619,44113,True,82112
620,6654,True,5509
620,14459,True,5509
620,14461,True,5509
620,56117,True,5509
620,61137,True,5509
620,61138,True,5509
620,64589,True,5509
620,66340,True,5509
623,1311,True,98248
623,1312,True,98248
623,3141,True,98248
623,3177,True,98248
623,6193,True,98248
623,8467,True,98248
623,17591,True,98248
623,46913,True,98248
623,58294,True,98248
623,58295,True,98248
623,60200,True,98248
623,65533,True,98248
623,67854,True,98248
624,1230,True,65846
624,1593,True,65846
624,11161,True,65846
624,25182,True,65846
625,1230,True,65838
625,1593,True,65838
625,11161,True,65838
625,25182,True,65838
631,3363,True,
631,6542,True,
631,6635,True,
631,6722,True,
631,11257,True,
631,17444,True,
631,22117,True,
631,26674,True,
631,28767,True,
631,30595,True,
631,35530,True,
631,44021,True,
631,49654,True,
631,51759,True,
631,64517,True,
631,72725,True,
632,55208,True,
633,55208,True,
634,2474,True,121495
634,2475,True,121495
634,3551,True,121495
634,24788,True,121495
634,25422,True,121495
634,28940,True,121495
634,36441,True,121495
638,11731,True,196886
638,11732,True,196886
641,11731,True,196894
641,11732,True,196894
656,595,True,30732
663,10391,True,167371
663,11176,True,167371
663,20094,True,167371
663,20562,True,167371
663,22742,True,167371
664,10391,True,167398
664,11176,True,167398
664,20094,True,167398
664,20562,True,167398
664,22742,True,167398
665,34655,True,
666,10391,True,167398
666,11176,True,167398
666,20094,True,167398
666,20562,True,167398
666,22742,True,167398
667,2149,True,80365
667,2151,True,80365
667,2153,True,80365
667,5994,True,80365
667,16545,True,80365
667,18872,True,80365
667,19153,True,80365
667,32037,True,80365
667,67054,True,80365
667,67058,True,80365
668,8330,True,
668,8331,True,
668,8332,True,
668,8333,True,
668,15862,True,
668,15863,True,
668,15864,True,
668,17568,True,
668,17570,True,
668,17572,True,
668,17573,True,
668,17574,True,
668,17575,True,
668,23077,True,
668,23078,True,
668,27414,True,
668,27415,True,
668,29552,True,
668,36724,True,
668,36725,True,
668,36726,True,
668,39511,True,
668,39512,True,
668,39513,True,
668,39744,True,
668,42631,True,
668,67230,True,
668,67231,True,
668,67232,True,
668,67233,True,
668,67234,True,
668,67235,True,
668,68985,True,
668,68986,True,
668,68987,True,
674,3217,True,60232
674,54578,True,60232
675,3464,True,61220
675,3465,True,61220
675,7326,True,61220
675,14554,True,61220
675,18788,True,61220
681,28945,True,
681,40441,True,
686,6411,True,117633
686,12945,True,117633
686,22000,True,117633
686,22001,True,117633
686,23243,True,117633
686,28670,True,117633
686,28671,True,117633
686,28839,True,117633
686,29129,True,117633
686,30478,True,117633
686,36879,True,117633
686,60608,True,117633
686,64839,True,117633
688,4811,True,95230
688,4812,True,95230
688,15719,True,95230
688,31841,True,95230
688,68850,True,95230
691,28737,True,
691,28738,True,
692,787,True,
692,3511,True,
692,4576,True,
692,8258,True,
692,22502,True,
692,22576,True,
692,22581,True,
692,22763,True,
692,22819,True,
692,22870,True,
692,22871,True,
692,45928,True,
692,50264,True,
692,65920,True,
696,2859,True,
696,2887,True,
696,11066,True,
696,13445,True,
696,13668,True,
696,13695,True,
696,13722,True,
696,13750,True,
696,23312,True,
696,23340,True,
696,23656,True,
697,2859,True,
697,2887,True,
697,11066,True,
697,13445,True,
697,13668,True,
697,13695,True,
697,13722,True,
697,13750,True,
697,23312,True,
697,23340,True,
697,23656,True,
698,2859,True,
698,2887,True,
698,11066,True,
698,13445,True,
698,13668,True,
698,13695,True,
698,13722,True,
698,13750,True,
698,23312,True,
698,23340,True,
698,23656,True,
699,2859,True,
699,2887,True,
699,11066,True,
699,13445,True,
699,13668,True,
699,13695,True,
699,13722,True,
699,13750,True,
699,23312,True,
699,23340,True,
699,23656,True,
700,2859,True,
700,2887,True,
700,11066,True,
700,13445,True,
700,13668,True,
700,13695,True,
700,13722,True,
700,13750,True,
700,23312,True,
700,23340,True,
700,23656,True,
701,2859,True,35122
701,2887,True,35122
701,11066,True,35122
701,13445,True,35122
701,13668,True,35122
701,13695,True,35122
701,13722,True,35122
701,13750,True,35122
701,23312,True,35122
701,23340,True,35122
701,23656,True,35122
702,2859,True,95389
702,2887,True,95389
702,11066,True,95389
702,13445,True,95389
702,13668,True,95389
702,13695,True,95389
702,13722,True,95389
702,13750,True,95389
702,23312,True,95389
702,23340,True,95389
702,23656,True,95389
703,2859,True,57789
703,2887,True,57789
703,11066,True,57789
703,13445,True,57789
703,13668,True,57789
703,13695,True,57789
703,13722,True,57789
703,13750,True,57789
703,23312,True,57789
703,23340,True,57789
703,23656,True,57789
704,284,True,209880
704,438,True,209880
704,665,True,209880
704,989,True,209880
704,11103,True,209880
704,11104,True,209880
704,13781,True,209880
704,16496,True,209880
704,22475,True,209880
704,23554,True,209880
704,24094,True,209880
704,24447,True,209880
704,24967,True,209880
704,28024,True,209880
704,29058,True,209880
704,30210,True,209880
704,30842,True,209880
704,32636,True,209880
704,32932,True,209880
704,32933,True,209880
704,34795,True,209880
704,34796,True,209880
704,35336,True,209880
704,35372,True,209880
704,36813,True,209880
704,37655,True,209880
704,38142,True,209880
704,39778,True,209880
704,40569,True,209880
704,43453,True,209880
704,47796,True,209880
704,48568,True,209880
704,48569,True,209880
704,48602,True,209880
704,49563,True,209880
704,49565,True,209880
704,51843,True,209880
704,54887,True,209880
704,55122,True,209880
704,55307,True,209880
704,55308,True,209880
704,62558,True,209880
704,62559,True,209880
704,64291,True,209880
704,65599,True,209880
704,65684,True,209880
714,1031,True,3352
714,1032,True,3352
714,2643,True,3352
714,24469,True,3352
714,35832,True,3352
714,62851,True,3352
715,1673,True,
715,20532,True,
715,45425,True,
715,72314,True,
716,2474,True,121495
716,2475,True,121495
716,3551,True,121495
716,24788,True,121495
716,25422,True,121495
716,28940,True,121495
716,36441,True,121495
720,4704,True,75698
720,4705,True,75698
720,4706,True,75698
720,4707,True,75698
720,44699,True,75698
721,2514,True,82899
721,7290,True,82899
721,7291,True,82899
723,3716,True,85499
723,8462,True,85499
723,14748,True,85499
723,15624,True,85499
727,26012,True,52582
727,34210,True,52582
727,37485,True,52582
732,63098,True,218677
735,34655,True,
739,18570,True,100129
739,42859,True,100129
740,3735,True,67369
740,3736,True,67369
740,13833,True,67369
740,65456,True,67369
740,65945,True,67369
742,3845,True,195995
742,28710,True,195995
744,5995,True,79219
744,6003,True,79219
744,20884,True,79219
745,5995,True,79227
745,6003,True,79227
745,20884,True,79227
746,1325,True,90190
746,1326,True,90190
746,3181,True,90190
746,3413,True,90190
746,3414,True,90190
746,3437,True,90190
746,3438,True,90190
746,3478,True,90190
746,3909,True,90190
746,3910,True,90190
746,11480,True,90190
746,11481,True,90190
746,11482,True,90190
747,1325,True,90204
747,1326,True,90204
747,3181,True,90204
747,3413,True,90204
747,3414,True,90204
747,3437,True,90204
747,3438,True,90204
747,3478,True,90204
747,3909,True,90204
747,3910,True,90204
747,11480,True,90204
747,11481,True,90204
747,11482,True,90204
748,1325,True,90212
748,1326,True,90212
748,3181,True,90212
748,3413,True,90212
748,3414,True,90212
748,3437,True,90212
748,3438,True,90212
748,3478,True,90212
748,3909,True,90212
748,3910,True,90212
748,11480,True,90212
748,11481,True,90212
748,11482,True,90212
749,4736,True,75191
749,41756,True,75191
749,70039,True,75191
750,11456,True,38733
750,14148,True,38733
750,14149,True,38733
750,14153,True,38733
750,14154,True,38733
750,17693,True,38733
750,24990,True,38733
750,60475,True,38733
750,68319,True,38733
753,2620,True,21075
753,2621,True,21075
753,2622,True,21075
753,6396,True,21075
753,7332,True,21075
753,46624,True,21075
754,2620,True,23698
754,2621,True,23698
754,2622,True,23698
754,6396,True,23698
754,7332,True,23698
754,46624,True,23698
755,4811,True,95230
755,4812,True,95230
755,15719,True,95230
755,31841,True,95230
755,68850,True,95230
756,698,True,
757,3363,True,213950
757,6542,True,213950
757,6635,True,213950
757,6722,True,213950
757,11257,True,213950
757,17444,True,213950
757,22117,True,213950
757,26674,True,213950
757,28767,True,213950
757,30595,True,213950
757,35530,True,213950
757,44021,True,213950
757,49654,True,213950
757,51759,True,213950
757,64517,True,213950
757,72725,True,213950
758,8330,True,
758,8331,True,
758,8332,True,
758,8333,True,
758,15862,True,
758,15863,True,
758,15864,True,
758,17568,True,
758,17570,True,
758,17572,True,
758,17573,True,
758,17574,True,
758,17575,True,
758,23077,True,
758,23078,True,
758,27414,True,
758,27415,True,
758,29552,True,
758,36724,True,
758,36725,True,
758,36726,True,
758,39511,True,
758,39512,True,
758,39513,True,
758,39744,True,
758,42631,True,
758,67230,True,
758,67231,True,
758,67232,True,
758,67233,True,
758,67234,True,
758,67235,True,
758,68985,True,
758,68986,True,
758,68987,True,
759,8330,True,
759,8331,True,
759,8332,True,
759,8333,True,
759,15862,True,
759,15863,True,
759,15864,True,
759,17568,True,
759,17570,True,
759,17572,True,
759,17573,True,
759,17574,True,
759,17575,True,
759,23077,True,
759,23078,True,
759,27414,True,
759,27415,True,
759,29552,True,
759,36724,True,
759,36725,True,
759,36726,True,
759,39511,True,
759,39512,True,
759,39513,True,
759,39744,True,
759,42631,True,
759,67230,True,
759,67231,True,
759,67232,True,
759,67233,True,
759,67234,True,
759,67235,True,
759,68985,True,
759,68986,True,
759,68987,True,
761,3126,True,101850
761,3880,True,101850
761,15555,True,101850
761,55647,True,101850
762,2514,True,82880
762,7290,True,82880
762,7291,True,82880
763,2514,True,82880
763,7290,True,82880
763,7291,True,82880
765,8330,True,
765,8331,True,
765,8332,True,
765,8333,True,
765,15862,True,
765,15863,True,
765,15864,True,
765,17568,True,
765,17570,True,
765,17572,True,
765,17573,True,
765,17574,True,
765,17575,True,
765,23077,True,
765,23078,True,
765,27414,True,
765,27415,True,
765,29552,True,
765,36724,True,
765,36725,True,
765,36726,True,
765,39511,True,
765,39512,True,
765,39513,True,
765,39744,True,
765,42631,True,
765,67230,True,
765,67231,True,
765,67232,True,
765,67233,True,
765,67234,True,
765,67235,True,
765,68985,True,
765,68986,True,
765,68987,True,
766,8330,True,
766,8331,True,
766,8332,True,
766,8333,True,
766,15862,True,
766,15863,True,
766,15864,True,
766,17568,True,
766,17570,True,
766,17572,True,
766,17573,True,
766,17574,True,
766,17575,True,
766,23077,True,
766,23078,True,
766,27414,True,
766,27415,True,
766,29552,True,
766,36724,True,
766,36725,True,
766,36726,True,
766,39511,True,
766,39512,True,
766,39513,True,
766,39744,True,
766,42631,True,
766,67230,True,
766,67231,True,
766,67232,True,
766,67233,True,
766,67234,True,
766,67235,True,
766,68985,True,
766,68986,True,
766,68987,True,
767,2444,True,31186
767,61744,True,31186
773,36372,True,
774,261,True,
774,9059,True,
774,9060,True,
774,9061,True,
776,5147,True,
776,5148,True,
776,32165,True,
777,3363,True,134163
777,6542,True,134163
777,6635,True,134163
777,6722,True,134163
777,11257,True,134163
777,17444,True,134163
777,22117,True,134163
777,26674,True,134163
777,28767,True,134163
777,30595,True,134163
777,35530,True,134163
777,44021,True,134163
777,49654,True,134163
777,51759,True,134163
777,64517,True,134163
777,72725,True,134163
778,1845,True,60054
778,1846,True,60054
778,1847,True,60054
778,17821,True,60054
778,17822,True,60054
778,20807,True,60054
778,22190,True,60054
778,28032,True,60054
778,54111,True,60054
778,54112,True,60054
778,54113,True,60054
778,54114,True,60054
778,54115,True,60054
778,54116,True,60054
778,71787,True,60054
778,74363,True,60054
779,11731,True,196894
779,11732,True,196894
780,55208,True,
784,5147,True,55727
784,5148,True,55727
784,32165,True,55727
786,5053,True,
786,5055,True,
786,5057,True,
786,43587,True,
788,55208,True,
789,55208,True,
791,8330,True,
791,8331,True,
791,8332,True,
791,8333,True,
791,15862,True,
791,15863,True,
791,15864,True,
791,17568,True,
791,17570,True,
791,17572,True,
791,17573,True,
791,17574,True,
791,17575,True,
791,23077,True,
791,23078,True,
791,27414,True,
791,27415,True,
791,29552,True,
791,36724,True,
791,36725,True,
791,36726,True,
791,39511,True,
791,39512,True,
791,39513,True,
791,39744,True,
791,42631,True,
791,67230,True,
791,67231,True,
791,67232,True,
791,67233,True,
791,67234,True,
791,67235,True,
791,68985,True,
791,68986,True,
791,68987,True,
795,16352,True,
797,122,True,590
797,123,True,590
797,1027,True,590
797,1028,True,590
797,1030,True,590
797,1340,True,590
797,61191,True,590
802,708,True,
802,991,True,
802,3644,True,
802,3646,True,
802,4200,True,
802,4201,True,
802,4202,True,
802,6607,True,
802,45481,True,
802,45482,True,
802,46669,True,
803,755,True,
803,1465,True,
803,1725,True,
803,1726,True,
803,5257,True,
803,8016,True,
803,8017,True,
803,8018,True,
803,8019,True,
803,8026,True,
803,8027,True,
803,8028,True,
803,8031,True,
803,8032,True,
803,8038,True,
803,8039,True,
803,8040,True,
803,8041,True,
803,8046,True,
803,11174,True,
803,12209,True,
803,12580,True,
803,16250,True,
803,22491,True,
803,47114,True,
803,71067,True,
803,71199,True,
804,755,True,58173
804,1465,True,58173
804,1725,True,58173
804,1726,True,58173
804,5257,True,58173
804,8016,True,58173
804,8017,True,58173
804,8018,True,58173
804,8019,True,58173
804,8026,True,58173
804,8027,True,58173
804,8028,True,58173
804,8031,True,58173
804,8032,True,58173
804,8038,True,58173
804,8039,True,58173
804,8040,True,58173
804,8041,True,58173
804,8046,True,58173
804,11174,True,58173
804,12209,True,58173
804,12580,True,58173
804,16250,True,58173
804,22491,True,58173
804,47114,True,58173
804,71067,True,58173
804,71199,True,58173
805,755,True,58173
805,1465,True,58173
805,1725,True,58173
805,1726,True,58173
805,5257,True,58173
805,8016,True,58173
805,8017,True,58173
805,8018,True,58173
805,8019,True,58173
805,8026,True,58173
805,8027,True,58173
805,8028,True,58173
805,8031,True,58173
805,8032,True,58173
805,8038,True,58173
805,8039,True,58173
805,8040,True,58173
805,8041,True,58173
805,8046,True,58173
805,11174,True,58173
805,12209,True,58173
805,12580,True,58173
805,16250,True,58173
805,22491,True,58173
805,47114,True,58173
805,71067,True,58173
805,71199,True,58173
806,755,True,30449
806,1465,True,30449
806,1725,True,30449
806,1726,True,30449
806,5257,True,30449
806,8016,True,30449
806,8017,True,30449
806,8018,True,30449
806,8019,True,30449
806,8026,True,30449
806,8027,True,30449
806,8028,True,30449
806,8031,True,30449
806,8032,True,30449
806,8038,True,30449
806,8039,True,30449
806,8040,True,30449
806,8041,True,30449
806,8046,True,30449
806,11174,True,30449
806,12209,True,30449
806,12580,True,30449
806,16250,True,30449
806,22491,True,30449
806,47114,True,30449
806,71067,True,30449
806,71199,True,30449
808,24370,True,
808,24542,True,
808,70891,True,
809,5147,True,55727
809,5148,True,55727
809,32165,True,55727
813,5846,True,45225
813,65148,True,45225
817,3126,True,221341
817,3880,True,221341
817,15555,True,221341
817,55647,True,221341
822,261,True,
822,9059,True,
822,9060,True,
822,9061,True,
824,5147,True,47651
824,5148,True,47651
824,32165,True,47651
829,755,True,
829,1465,True,
829,1725,True,
829,1726,True,
829,5257,True,
829,8016,True,
829,8017,True,
829,8018,True,
829,8019,True,
829,8026,True,
829,8027,True,
829,8028,True,
829,8031,True,
829,8032,True,
829,8038,True,
829,8039,True,
829,8040,True,
829,8041,True,
829,8046,True,
829,11174,True,
829,12209,True,
829,12580,True,
829,16250,True,
829,22491,True,
829,47114,True,
829,71067,True,
829,71199,True,
831,60798,True,216836
831,60808,True,216836
832,5053,True,
832,5055,True,
832,5057,True,
832,43587,True,
835,3217,True,60232
835,54578,True,60232
836,1845,True,60062
836,1846,True,60062
836,1847,True,60062
836,17821,True,60062
836,17822,True,60062
836,20807,True,60062
836,22190,True,60062
836,28032,True,60062
836,54111,True,60062
836,54112,True,60062
836,54113,True,60062
836,54114,True,60062
836,54115,True,60062
836,54116,True,60062
836,71787,True,60062
836,74363,True,60062
837,1845,True,60062
837,1846,True,60062
837,1847,True,60062
837,17821,True,60062
837,17822,True,60062
837,20807,True,60062
837,22190,True,60062
837,28032,True,60062
837,54111,True,60062
837,54112,True,60062
837,54113,True,60062
837,54114,True,60062
837,54115,True,60062
837,54116,True,60062
837,71787,True,60062
837,74363,True,60062
838,1845,True,60062
838,1846,True,60062
838,1847,True,60062
838,17821,True,60062
838,17822,True,60062
838,20807,True,60062
838,22190,True,60062
838,28032,True,60062
838,54111,True,60062
838,54112,True,60062
838,54113,True,60062
838,54114,True,60062
838,54115,True,60062
838,54116,True,60062
838,71787,True,60062
838,74363,True,60062
839,1849,True,52272
839,3098,True,52272
839,3099,True,52272
839,50795,True,52272
839,65555,True,52272
840,1849,True,52272
840,3098,True,52272
840,3099,True,52272
840,50795,True,52272
840,65555,True,52272
841,1849,True,43044
841,3098,True,43044
841,3099,True,43044
841,50795,True,43044
841,65555,True,43044
842,1849,True,43044
842,3098,True,43044
842,3099,True,43044
842,50795,True,43044
842,65555,True,43044
843,1849,True,43044
843,3098,True,43044
843,3099,True,43044
843,50795,True,43044
843,65555,True,43044
844,1849,True,43044
844,3098,True,43044
844,3099,True,43044
844,50795,True,43044
844,65555,True,43044
847,26760,True,53708
847,71994,True,53708
847,72033,True,53708
848,26760,True,53716
848,71994,True,53716
848,72033,True,53716
850,5053,True,
850,5055,True,
850,5057,True,
850,43587,True,
851,5053,True,
851,5055,True,
851,5057,True,
851,43587,True,
852,5053,True,
852,5055,True,
852,5057,True,
852,43587,True,
853,5053,True,
853,5055,True,
853,5057,True,
853,43587,True,
854,5053,True,
854,5055,True,
854,5057,True,
854,43587,True,
855,5053,True,
855,5055,True,
855,5057,True,
855,43587,True,
858,1876,True,
858,1877,True,
858,22364,True,
859,3217,True,60232
859,54578,True,60232
861,755,True,30449
861,1465,True,30449
861,1725,True,30449
861,1726,True,30449
861,5257,True,30449
861,8016,True,30449
861,8017,True,30449
861,8018,True,30449
861,8019,True,30449
861,8026,True,30449
861,8027,True,30449
861,8028,True,30449
861,8031,True,30449
861,8032,True,30449
861,8038,True,30449
861,8039,True,30449
861,8040,True,30449
861,8041,True,30449
861,8046,True,30449
861,11174,True,30449
861,12209,True,30449
861,12580,True,30449
861,16250,True,30449
861,22491,True,30449
861,47114,True,30449
861,71067,True,30449
861,71199,True,30449
863,55208,True,
864,36372,True,
868,18776,True,15024
868,27729,True,15024
868,34590,True,15024
868,46787,True,15024
868,54781,True,15024
868,55728,True,15024
868,63111,True,15024
868,65784,True,15024
868,65947,True,15024
868,72752,True,15024
870,23545,True,
870,30386,True,
870,34199,True,
870,37237,True,
870,43852,True,
870,65329,True,
873,63098,True,
875,547,True,31399
875,548,True,31399
875,717,True,31399
875,980,True,31399
875,1915,True,31399
875,1923,True,31399
875,2756,True,31399
875,5133,True,31399
875,6337,True,31399
875,12581,True,31399
875,17654,True,31399
875,31606,True,31399
875,31607,True,31399
875,66373,True,31399
875,66374,True,31399
875,67191,True,31399
876,547,True,40460
876,548,True,40460
876,717,True,40460
876,980,True,40460
876,1915,True,40460
876,1923,True,40460
876,2756,True,40460
876,5133,True,40460
876,6337,True,40460
876,12581,True,40460
876,17654,True,40460
876,31606,True,40460
876,31607,True,40460
876,66373,True,40460
876,66374,True,40460
876,67191,True,40460
877,3100,True,58963
877,18126,True,58963
