France_index,z_index_index,ATC_match,best_z_index_index
0,767,True,
0,768,True,
0,7966,True,
0,19169,True,
0,19170,True,
0,22487,True,
0,23957,True,
0,29033,True,
0,38050,True,
0,52567,True,
0,65058,True,
1,10661,True,
1,13414,True,
1,29496,True,
2,4811,True,
2,4812,True,
2,15719,True,
2,31841,True,
2,68850,True,
3,7323,True,
3,7324,True,
3,24262,True,
3,26022,True,
3,26353,True,
3,29134,True,
3,29135,True,
3,36383,True,
3,38619,True,
3,39331,True,
3,39332,True,
3,39333,True,
3,39334,True,
3,39697,True,
3,39699,True,
3,42325,True,
3,42326,True,
3,54036,True,
3,54037,True,
3,54039,True,
3,54591,True,
3,55320,True,
3,55321,True,
3,55322,True,
3,56972,True,
3,62388,True,
3,63009,True,
3,64746,True,
3,65038,True,
3,65509,True,
3,65556,True,
3,68330,True,
3,69160,True,
3,70419,True,
4,1346,True,
4,1347,True,
4,1366,True,
4,1367,True,
4,1368,True,
4,1369,True,
4,28425,True,
4,52308,True,
4,52650,True,
4,56732,True,
4,58231,True,
4,58232,True,
4,58268,True,
4,68292,True,
4,68332,True,
5,34655,True,
6,1346,True,
6,1347,True,
6,1366,True,
6,1367,True,
6,1368,True,
6,1369,True,
6,28425,True,
6,52308,True,
6,52650,True,
6,56732,True,
6,58231,True,
6,58232,True,
6,58268,True,
6,68292,True,
6,68332,True,
7,399,True,
7,7995,True,
7,7996,True,
7,7997,True,
7,7998,True,
7,8338,True,
7,8339,True,
7,8340,True,
7,17402,True,
7,17403,True,
7,33264,True,
7,59602,True,
7,69685,True,
7,72722,True,
8,1346,True,
8,1347,True,
8,1366,True,
8,1367,True,
8,1368,True,
8,1369,True,
8,28425,True,
8,52308,True,
8,52650,True,
8,56732,True,
8,58231,True,
8,58232,True,
8,58268,True,
8,68292,True,
8,68332,True,
9,9300,True,
9,13314,True,
9,26327,True,
9,26329,True,
9,26331,True,
9,39834,True,
9,39838,True,
9,47427,True,
9,47429,True,
9,47431,True,
9,47433,True,
9,48519,True,
9,48521,True,
9,48764,True,
9,50926,True,
9,52234,True,
9,54076,True,
9,55670,True,
9,57724,True,
9,57726,True,
9,58271,True,
9,59374,True,
9,59840,True,
9,61006,True,
9,64758,True,
9,65086,True,
9,65504,True,
9,68293,True,
9,68295,True,
9,69234,True,
9,73308,True,
10,11456,True,
10,14148,True,
10,14149,True,
10,14153,True,
10,14154,True,
10,17693,True,
10,24990,True,
10,60475,True,
10,68319,True,
11,11456,True,
11,14148,True,
11,14149,True,
11,14153,True,
11,14154,True,
11,17693,True,
11,24990,True,
11,60475,True,
11,68319,True,
14,2428,True,
14,2968,True,
14,20071,True,
16,297,True,
16,3787,True,
16,3788,True,
16,3881,True,
16,7438,True,
16,7440,True,
16,7441,True,
16,7442,True,
16,7443,True,
16,7444,True,
16,9199,True,
16,16238,True,
16,21064,True,
16,23115,True,
16,23116,True,
16,23117,True,
16,23118,True,
16,23119,True,
16,23120,True,
16,23121,True,
16,23122,True,
16,23123,True,
16,23124,True,
16,23405,True,
16,25377,True,
16,25378,True,
16,25379,True,
16,25380,True,
16,25381,True,
16,25383,True,
16,25384,True,
17,24573,True,
17,37909,True,
18,1365,True,
18,7975,True,
18,7976,True,
18,7977,True,
18,7978,True,
18,7979,True,
18,7980,True,
18,7981,True,
18,7982,True,
18,7983,True,
18,7984,True,
18,22423,True,
18,22454,True,
18,22553,True,
18,22589,True,
18,22636,True,
18,37454,True,
18,38209,True,
18,38210,True,
18,39742,True,
18,42599,True,
18,42774,True,
18,45565,True,
18,48566,True,
18,51792,True,
18,58346,True,
18,59167,True,
18,59168,True,
18,59169,True,
18,59170,True,
18,59171,True,
18,59172,True,
18,63917,True,
20,1304,True,
20,1305,True,
20,1306,True,
20,2421,True,
20,3742,True,
20,3743,True,
20,4531,True,
20,4532,True,
20,6425,True,
20,25866,True,
20,39174,True,
20,54001,True,
20,54580,True,
20,54581,True,
20,54582,True,
20,54583,True,
20,55315,True,
20,57722,True,
20,57723,True,
20,60166,True,
20,64869,True,
20,69203,True,
20,69397,True,
20,72440,True,
21,547,True,
21,548,True,
21,717,True,
21,980,True,
21,1915,True,
21,1923,True,
21,2756,True,
21,5133,True,
21,6337,True,
21,12581,True,
21,17654,True,
21,31606,True,
21,31607,True,
21,66373,True,
21,66374,True,
21,67191,True,
23,875,True,
23,6534,True,
23,8252,True,
23,8256,True,
23,22648,True,
23,22656,True,
23,22658,True,
23,22715,True,
23,22782,True,
23,22856,True,
23,22868,True,
23,22872,True,
23,45916,True,
23,45926,True,
23,47452,True,
29,4689,True,
29,19221,True,
30,3100,True,
30,18126,True,
31,472,True,
31,482,True,
31,621,True,
31,643,True,
31,19785,True,
31,24478,True,
31,39675,True,
32,17456,True,
32,19351,True,
32,20004,True,
32,28942,True,
32,43299,True,
32,43861,True,
32,60570,True,
32,60571,True,
33,17456,True,
33,19351,True,
33,20004,True,
33,28942,True,
33,43299,True,
33,43861,True,
33,60570,True,
33,60571,True,
38,68789,True,
40,10446,True,
40,10459,True,
40,14122,True,
40,14135,True,
40,20808,True,
40,24095,True,
41,67904,True,
42,1724,True,
42,6209,True,
42,6865,True,
42,9178,True,
42,9179,True,
42,23538,True,
42,23539,True,
42,23540,True,
42,23541,True,
42,23542,True,
42,23543,True,
42,40027,True,
42,40215,True,
42,69149,True,
43,8507,True,
43,8538,True,
43,8569,True,
43,8600,True,
43,23499,True,
43,27421,True,
43,27452,True,
46,297,True,
46,3787,True,
46,3788,True,
46,3881,True,
46,7438,True,
46,7440,True,
46,7441,True,
46,7442,True,
46,7443,True,
46,7444,True,
46,9199,True,
46,16238,True,
46,21064,True,
46,23115,True,
46,23116,True,
46,23117,True,
46,23118,True,
46,23119,True,
46,23120,True,
46,23121,True,
46,23122,True,
46,23123,True,
46,23124,True,
46,23405,True,
46,25377,True,
46,25378,True,
46,25379,True,
46,25380,True,
46,25381,True,
46,25383,True,
46,25384,True,
48,10048,True,
48,10108,True,
48,10168,True,
48,10228,True,
48,17323,True,
48,18122,True,
48,18140,True,
48,21912,True,
49,1360,True,
49,1361,True,
50,4689,True,
50,19221,True,
51,25382,True,
51,25385,True,
51,51936,True,
51,51937,True,
52,137,True,
52,138,True,
52,139,True,
52,24301,True,
53,16352,True,
55,40442,True,
56,9578,True,
56,23546,True,
56,30787,True,
56,50490,True,
56,50492,True,
57,1317,True,
57,2498,True,
57,2611,True,
57,2612,True,
57,2613,True,
57,2640,True,
57,2734,True,
57,4835,True,
57,5750,True,
57,8335,True,
57,15146,True,
57,15147,True,
57,15927,True,
57,16303,True,
57,20544,True,
57,20573,True,
57,23590,True,
57,24390,True,
57,28396,True,
57,29836,True,
57,30490,True,
57,35924,True,
57,36780,True,
57,54370,True,
57,73936,True,
58,6081,True,
58,6082,True,
58,6573,True,
58,6574,True,
58,26533,True,
58,28506,True,
58,28508,True,
58,44234,True,
58,59306,True,
58,62623,True,
58,68404,True,
59,12488,True,
59,12489,True,
59,12490,True,
59,12535,True,
59,27385,True,
59,52666,True,
59,54141,True,
60,54024,True,
61,54024,True,
62,47979,True,
63,12864,True,
64,23577,True,
64,23578,True,
64,23579,True,
64,30402,True,
64,30575,True,
64,30800,True,
64,30801,True,
65,2922,True,
65,18125,True,
65,22191,True,
65,41778,True,
65,61983,True,
68,835,True,
68,8009,True,
68,57838,True,
68,65462,True,
69,835,True,
69,8009,True,
69,57838,True,
69,65462,True,
70,25005,True,
70,35092,True,
70,36592,True,
70,63037,True,
71,1055,True,
71,1056,True,
71,49429,True,
71,49430,True,
71,50439,True,
71,58687,True,
71,58688,True,
71,64295,True,
71,64296,True,
71,64297,True,
72,298,True,
72,307,True,
72,1370,True,
72,1371,True,
72,74050,True,
72,74493,True,
73,4704,True,
73,4705,True,
73,4706,True,
73,4707,True,
73,44699,True,
74,6862,True,
74,8706,True,
75,47979,True,
76,17665,True,
76,17678,True,
76,25356,True,
76,65695,True,
78,9953,True,
78,9955,True,
78,9956,True,
78,9957,True,
78,9958,True,
78,9959,True,
78,9960,True,
78,9961,True,
78,9962,True,
78,9963,True,
78,9964,True,
78,9965,True,
78,9966,True,
78,14465,True,
81,297,True,
81,3787,True,
81,3788,True,
81,3881,True,
81,7438,True,
81,7440,True,
81,7441,True,
81,7442,True,
81,7443,True,
81,7444,True,
81,9199,True,
81,16238,True,
81,21064,True,
81,23115,True,
81,23116,True,
81,23117,True,
81,23118,True,
81,23119,True,
81,23120,True,
81,23121,True,
81,23122,True,
81,23123,True,
81,23124,True,
81,23405,True,
81,25377,True,
81,25378,True,
81,25379,True,
81,25380,True,
81,25381,True,
81,25383,True,
81,25384,True,
82,267,True,
82,549,True,
82,550,True,
82,648,True,
82,2582,True,
83,288,True,
83,289,True,
83,22674,True,
83,22884,True,
83,30817,True,
83,34122,True,
83,34674,True,
83,40554,True,
83,41713,True,
83,41714,True,
83,41715,True,
83,45155,True,
83,57427,True,
83,59022,True,
83,63251,True,
83,69850,True,
84,15007,True,
84,15044,True,
84,15081,True,
84,18261,True,
84,19352,True,
84,19389,True,
84,19426,True,
84,19463,True,
84,37337,True,
84,37338,True,
84,37339,True,
85,297,True,
85,3787,True,
85,3788,True,
85,3881,True,
85,7438,True,
85,7440,True,
85,7441,True,
85,7442,True,
85,7443,True,
85,7444,True,
85,9199,True,
85,16238,True,
85,21064,True,
85,23115,True,
85,23116,True,
85,23117,True,
85,23118,True,
85,23119,True,
85,23120,True,
85,23121,True,
85,23122,True,
85,23123,True,
85,23124,True,
85,23405,True,
85,25377,True,
85,25378,True,
85,25379,True,
85,25380,True,
85,25381,True,
85,25383,True,
85,25384,True,
87,799,True,
87,800,True,
87,801,True,
87,910,True,
87,1227,True,
87,2758,True,
87,3757,True,
87,3758,True,
87,3759,True,
87,63000,True,
87,63001,True,
87,69197,True,
88,799,True,
88,800,True,
88,801,True,
88,910,True,
88,1227,True,
88,2758,True,
88,3757,True,
88,3758,True,
88,3759,True,
88,63000,True,
88,63001,True,
88,69197,True,
89,14451,True,
89,14452,True,
90,152,True,
90,732,True,
90,733,True,
90,734,True,
90,32059,True,
90,33058,True,
90,37847,True,
90,42771,True,
90,49098,True,
90,52575,True,
91,99,True,
91,74352,True,
93,297,True,
93,3787,True,
93,3788,True,
93,3881,True,
93,7438,True,
93,7440,True,
93,7441,True,
93,7442,True,
93,7443,True,
93,7444,True,
93,9199,True,
93,16238,True,
93,21064,True,
93,23115,True,
93,23116,True,
93,23117,True,
93,23118,True,
93,23119,True,
93,23120,True,
93,23121,True,
93,23122,True,
93,23123,True,
93,23124,True,
93,23405,True,
93,25377,True,
93,25378,True,
93,25379,True,
93,25380,True,
93,25381,True,
93,25383,True,
93,25384,True,
95,1534,True,
95,1535,True,
95,6030,True,
95,16274,True,
95,33401,True,
95,44180,True,
95,45525,True,
95,45885,True,
95,54444,True,
95,62314,True,
95,62315,True,
95,62317,True,
95,62318,True,
96,28737,True,
96,28738,True,
97,1080,True,
98,1080,True,
99,1835,True,
99,1872,True,
99,18070,True,
99,18071,True,
99,18072,True,
99,18073,True,
99,71517,True,
101,1534,True,
101,1535,True,
101,6030,True,
101,16274,True,
101,33401,True,
101,44180,True,
101,45525,True,
101,45885,True,
101,54444,True,
101,62314,True,
101,62315,True,
101,62317,True,
101,62318,True,
102,504,True,
102,516,True,
102,1882,True,
102,15558,True,
102,15559,True,
103,755,True,
103,1465,True,
103,1725,True,
103,1726,True,
103,5257,True,
103,8016,True,
103,8017,True,
103,8018,True,
103,8019,True,
103,8026,True,
103,8027,True,
103,8028,True,
103,8031,True,
103,8032,True,
103,8038,True,
103,8039,True,
103,8040,True,
103,8041,True,
103,8046,True,
103,11174,True,
103,12209,True,
103,12580,True,
103,16250,True,
103,22491,True,
103,47114,True,
103,71067,True,
103,71199,True,
104,11865,True,
105,671,True,
106,755,True,
106,1465,True,
106,1725,True,
106,1726,True,
106,5257,True,
106,8016,True,
106,8017,True,
106,8018,True,
106,8019,True,
106,8026,True,
106,8027,True,
106,8028,True,
106,8031,True,
106,8032,True,
106,8038,True,
106,8039,True,
106,8040,True,
106,8041,True,
106,8046,True,
106,11174,True,
106,12209,True,
106,12580,True,
106,16250,True,
106,22491,True,
106,47114,True,
106,71067,True,
106,71199,True,
107,17464,True,
110,3024,True,
110,3985,True,
110,18798,True,
111,144,True,
111,967,True,
111,9074,True,
112,8356,True,
112,8503,True,
112,8504,True,
113,2474,True,
113,2475,True,
113,3551,True,
113,24788,True,
113,25422,True,
113,28940,True,
113,36441,True,
114,2474,True,
114,2475,True,
114,3551,True,
114,24788,True,
114,25422,True,
114,28940,True,
114,36441,True,
115,10480,True,
116,554,True,
116,555,True,
116,556,True,
116,558,True,
116,647,True,
116,7968,True,
116,34149,True,
116,45531,True,
117,1341,True,
117,13319,True,
118,44077,True,
118,52029,True,
119,547,True,
119,548,True,
119,717,True,
119,980,True,
119,1915,True,
119,1923,True,
119,2756,True,
119,5133,True,
119,6337,True,
119,12581,True,
119,17654,True,
119,31606,True,
119,31607,True,
119,66373,True,
119,66374,True,
119,67191,True,
120,1331,True,
120,9298,True,
120,9299,True,
120,15720,True,
120,23105,True,
120,24455,True,
120,25862,True,
120,29305,True,
120,30810,True,
120,35363,True,
120,36934,True,
120,65545,True,
121,30809,True,
121,34793,True,
121,35088,True,
121,37489,True,
121,42603,True,
121,44708,True,
121,48119,True,
121,51556,True,
121,51557,True,
121,54156,True,
122,10661,True,
122,13414,True,
122,29496,True,
123,8,True,
123,10,True,
123,27,True,
123,28,True,
123,29,True,
123,285,True,
123,902,True,
123,1315,True,
123,3825,True,
124,28737,True,
124,28738,True,
125,535,True,
125,1191,True,
125,1285,True,
125,1878,True,
125,1879,True,
125,1880,True,
125,1881,True,
125,2973,True,
125,3522,True,
125,6178,True,
125,10032,True,
125,13280,True,
125,13398,True,
125,13399,True,
125,13400,True,
125,13401,True,
125,13402,True,
125,13403,True,
125,17655,True,
125,18280,True,
125,23799,True,
125,42061,True,
125,69364,True,
126,301,True,
126,414,True,
126,415,True,
126,6880,True,
127,298,True,
127,307,True,
127,1370,True,
127,1371,True,
127,74050,True,
127,74493,True,
129,1325,True,
129,1326,True,
129,3181,True,
129,3413,True,
129,3414,True,
129,3437,True,
129,3438,True,
129,3478,True,
129,3909,True,
129,3910,True,
129,11480,True,
129,11481,True,
129,11482,True,
130,799,True,
130,800,True,
130,801,True,
130,910,True,
130,1227,True,
130,2758,True,
130,3757,True,
130,3758,True,
130,3759,True,
130,63000,True,
130,63001,True,
130,69197,True,
131,799,True,
131,800,True,
131,801,True,
131,910,True,
131,1227,True,
131,2758,True,
131,3757,True,
131,3758,True,
131,3759,True,
131,63000,True,
131,63001,True,
131,69197,True,
132,799,True,
132,800,True,
132,801,True,
132,910,True,
132,1227,True,
132,2758,True,
132,3757,True,
132,3758,True,
132,3759,True,
132,63000,True,
132,63001,True,
132,69197,True,
133,799,True,
133,800,True,
133,801,True,
133,910,True,
133,1227,True,
133,2758,True,
133,3757,True,
133,3758,True,
133,3759,True,
133,63000,True,
133,63001,True,
133,69197,True,
134,30809,True,
134,34793,True,
134,35088,True,
134,37489,True,
134,42603,True,
134,44708,True,
134,48119,True,
134,51556,True,
134,51557,True,
134,54156,True,
135,30809,True,
135,34793,True,
135,35088,True,
135,37489,True,
135,42603,True,
135,44708,True,
135,48119,True,
135,51556,True,
135,51557,True,
135,54156,True,
138,1331,True,
138,9298,True,
138,9299,True,
138,15720,True,
138,23105,True,
138,24455,True,
138,25862,True,
138,29305,True,
138,30810,True,
138,35363,True,
138,36934,True,
138,65545,True,
139,26756,True,
139,34198,True,
139,39784,True,
139,42598,True,
140,7040,True,
140,11664,True,
140,21341,True,
140,21357,True,
140,21389,True,
140,21405,True,
141,3406,True,
141,3426,True,
141,4284,True,
141,6354,True,
141,20007,True,
141,22105,True,
141,22106,True,
141,28270,True,
141,28667,True,
141,30666,True,
141,33177,True,
142,3406,True,
142,3426,True,
142,4284,True,
142,6354,True,
142,20007,True,
142,22105,True,
142,22106,True,
142,28270,True,
142,28667,True,
142,30666,True,
142,33177,True,
143,645,True,
144,28737,True,
144,28738,True,
145,28702,True,
145,53624,True,
145,53625,True,
145,53626,True,
146,1835,True,
146,1872,True,
146,18070,True,
146,18071,True,
146,18072,True,
146,18073,True,
146,71517,True,
148,3024,True,
148,3985,True,
148,18798,True,
150,535,True,
150,1191,True,
150,1285,True,
150,1878,True,
150,1879,True,
150,1880,True,
150,1881,True,
150,2973,True,
150,3522,True,
150,6178,True,
150,10032,True,
150,13280,True,
150,13398,True,
150,13399,True,
150,13400,True,
150,13401,True,
150,13402,True,
150,13403,True,
150,17655,True,
150,18280,True,
150,23799,True,
150,42061,True,
150,69364,True,
151,159,True,
152,1738,True,
152,4753,True,
152,4832,True,
152,4833,True,
152,6760,True,
153,1738,True,
153,4753,True,
153,4832,True,
153,4833,True,
153,6760,True,
154,1738,True,
154,4753,True,
154,4832,True,
154,4833,True,
154,6760,True,
155,1548,True,
155,1569,True,
155,2198,True,
155,2219,True,
155,2240,True,
155,10734,True,
155,10759,True,
155,10784,True,
155,10809,True,
155,10843,True,
155,10870,True,
155,10891,True,
155,10918,True,
155,10939,True,
155,10966,True,
155,10987,True,
155,13285,True,
155,13637,True,
155,14817,True,
155,14842,True,
155,14867,True,
155,14892,True,
155,14912,True,
155,14932,True,
155,14957,True,
155,14982,True,
155,17465,True,
155,17493,True,
155,18576,True,
155,28541,True,
155,32590,True,
155,38409,True,
155,38457,True,
155,38484,True,
155,44211,True,
155,44548,True,
155,44568,True,
155,44593,True,
155,44618,True,
155,45322,True,
155,45640,True,
155,45667,True,
155,45694,True,
155,45721,True,
155,45748,True,
155,45776,True,
155,45804,True,
155,46033,True,
155,46054,True,
155,59337,True,
155,63156,True,
156,1311,True,
156,1312,True,
156,3141,True,
156,3177,True,
156,6193,True,
156,8467,True,
156,17591,True,
156,46913,True,
156,58294,True,
156,58295,True,
156,60200,True,
156,65533,True,
156,67854,True,
157,3560,True,
157,3585,True,
157,3610,True,
157,21194,True,
157,21219,True,
157,21244,True,
157,21269,True,
157,24733,True,
157,24779,True,
157,25052,True,
157,25077,True,
158,1346,True,
158,1347,True,
158,1366,True,
158,1367,True,
158,1368,True,
158,1369,True,
158,28425,True,
158,52308,True,
158,52650,True,
158,56732,True,
158,58231,True,
158,58232,True,
158,58268,True,
158,68292,True,
158,68332,True,
159,399,True,
159,7995,True,
159,7996,True,
159,7997,True,
159,7998,True,
159,8338,True,
159,8339,True,
159,8340,True,
159,17402,True,
159,17403,True,
159,33264,True,
159,59602,True,
159,69685,True,
159,72722,True,
160,1088,True,
160,1108,True,
160,1128,True,
160,1148,True,
160,1168,True,
160,2984,True,
160,3004,True,
160,3222,True,
160,3242,True,
160,3262,True,
160,3282,True,
160,3302,True,
160,3322,True,
160,3442,True,
160,4310,True,
160,6317,True,
160,7843,True,
160,8847,True,
160,8907,True,
160,9745,True,
160,9765,True,
160,9785,True,
160,9805,True,
160,9825,True,
160,9845,True,
160,9865,True,
160,9885,True,
160,9905,True,
160,9925,True,
161,1346,True,
161,1347,True,
161,1366,True,
161,1367,True,
161,1368,True,
161,1369,True,
161,28425,True,
161,52308,True,
161,52650,True,
161,56732,True,
161,58231,True,
161,58232,True,
161,58268,True,
161,68292,True,
161,68332,True,
162,481,True,
162,2360,True,
162,2361,True,
162,2578,True,
162,26016,True,
162,43663,True,
162,52443,True,
163,124,True,
163,411,True,
163,506,True,
163,538,True,
163,1930,True,
163,19144,True,
163,19145,True,
163,19146,True,
163,68499,True,
164,124,True,
164,411,True,
164,506,True,
164,538,True,
164,1930,True,
164,19144,True,
164,19145,True,
164,19146,True,
164,68499,True,
165,24521,True,
165,24737,True,
165,46835,True,
165,46836,True,
165,46858,True,
165,57808,True,
166,15915,True,
166,17426,True,
166,43209,True,
166,43210,True,
166,44028,True,
167,31727,True,
167,31729,True,
169,4815,True,
169,4816,True,
169,4817,True,
169,26753,True,
169,38618,True,
169,41122,True,
169,41123,True,
169,50928,True,
169,54595,True,
169,59957,True,
169,61728,True,
169,64837,True,
171,296,True,
171,657,True,
171,1060,True,
171,1379,True,
171,1681,True,
171,1753,True,
171,6644,True,
171,6871,True,
171,22806,True,
171,25371,True,
171,27724,True,
171,32929,True,
171,34573,True,
171,34594,True,
171,34595,True,
171,34596,True,
171,34597,True,
171,37848,True,
171,39664,True,
171,42039,True,
171,44236,True,
171,46148,True,
171,48548,True,
171,48549,True,
171,48550,True,
171,48551,True,
171,49625,True,
171,49626,True,
171,49627,True,
171,49629,True,
171,50271,True,
171,51797,True,
171,52123,True,
171,53153,True,
171,57698,True,
171,57699,True,
171,57700,True,
171,57701,True,
171,58683,True,
171,58684,True,
171,59311,True,
171,64583,True,
171,65078,True,
171,65088,True,
171,65089,True,
171,65090,True,
171,65096,True,
171,65097,True,
171,65098,True,
171,65099,True,
171,65405,True,
171,65489,True,
171,65860,True,
171,67158,True,
171,68493,True,
171,69958,True,
171,69959,True,
171,69960,True,
171,71092,True,
171,71095,True,
171,71106,True,
171,71108,True,
171,71197,True,
172,3556,True,
172,3557,True,
172,21632,True,
172,24574,True,
174,365,True,
175,30,True,
175,21073,True,
175,24568,True,
175,25472,True,
175,25531,True,
175,26535,True,
176,136,True,
176,246,True,
176,247,True,
176,2781,True,
176,12582,True,
176,15770,True,
176,25032,True,
176,25033,True,
176,25034,True,
176,25035,True,
176,25036,True,
176,25037,True,
176,25038,True,
176,25039,True,
176,25040,True,
176,28121,True,
176,28122,True,
176,28123,True,
176,28124,True,
176,28133,True,
176,29949,True,
176,29950,True,
176,29951,True,
176,29952,True,
176,29953,True,
176,29954,True,
176,29955,True,
176,29956,True,
176,29957,True,
176,32747,True,
176,32748,True,
176,32749,True,
176,32750,True,
176,32751,True,
176,32752,True,
176,32753,True,
176,32754,True,
176,34816,True,
176,53157,True,
176,54144,True,
176,54145,True,
176,54146,True,
176,54147,True,
176,54148,True,
176,54149,True,
176,54150,True,
176,54151,True,
176,54152,True,
176,60633,True,
178,913,True,
178,3148,True,
178,7327,True,
178,45526,True,
178,48531,True,
178,58681,True,
178,58682,True,
178,64301,True,
178,64302,True,
179,10416,True,
179,10417,True,
179,49787,True,
180,427,True,
180,428,True,
180,584,True,
180,19222,True,
180,20496,True,
180,32729,True,
180,41485,True,
180,50275,True,
180,71110,True,
182,45555,True,
183,267,True,
183,549,True,
183,550,True,
183,648,True,
183,2582,True,
184,1341,True,
184,13319,True,
185,164,True,
185,308,True,
185,4030,True,
185,4071,True,
185,24299,True,
185,24926,True,
185,48105,True,
186,6403,True,
186,18146,True,
187,5179,True,
188,1826,True,
188,48289,True,
189,124,True,
189,411,True,
189,506,True,
189,538,True,
189,1930,True,
189,19144,True,
189,19145,True,
189,19146,True,
189,68499,True,
190,267,True,
190,549,True,
190,550,True,
190,648,True,
190,2582,True,
191,3735,True,
191,3736,True,
191,13833,True,
191,65456,True,
191,65945,True,
192,3735,True,
192,3736,True,
192,13833,True,
192,65456,True,
192,65945,True,
193,8719,True,
193,12225,True,
193,25361,True,
193,74784,True,
194,3184,True,
194,28046,True,
195,699,True,
195,27725,True,
195,50912,True,
195,66145,True,
195,67082,True,
195,67083,True,
196,3184,True,
196,28046,True,
198,13335,True,
198,13346,True,
198,73177,True,
198,73192,True,
199,13335,True,
199,13346,True,
199,73177,True,
199,73192,True,
200,2183,True,
200,4016,True,
200,24293,True,
201,1346,True,
201,1347,True,
201,1366,True,
201,1367,True,
201,1368,True,
201,1369,True,
201,28425,True,
201,52308,True,
201,52650,True,
201,56732,True,
201,58231,True,
201,58232,True,
201,58268,True,
201,68292,True,
201,68332,True,
202,37916,True,
202,37917,True,
203,37916,True,
203,37917,True,
204,136,True,
204,246,True,
204,247,True,
204,2781,True,
204,12582,True,
204,15770,True,
204,25032,True,
204,25033,True,
204,25034,True,
204,25035,True,
204,25036,True,
204,25037,True,
204,25038,True,
204,25039,True,
204,25040,True,
204,28121,True,
204,28122,True,
204,28123,True,
204,28124,True,
204,28133,True,
204,29949,True,
204,29950,True,
204,29951,True,
204,29952,True,
204,29953,True,
204,29954,True,
204,29955,True,
204,29956,True,
204,29957,True,
204,32747,True,
204,32748,True,
204,32749,True,
204,32750,True,
204,32751,True,
204,32752,True,
204,32753,True,
204,32754,True,
204,34816,True,
204,53157,True,
204,54144,True,
204,54145,True,
204,54146,True,
204,54147,True,
204,54148,True,
204,54149,True,
204,54150,True,
204,54151,True,
204,54152,True,
204,60633,True,
205,15871,True,
205,15872,True,
205,31726,True,
205,49772,True,
205,49773,True,
206,3735,True,
206,3736,True,
206,13833,True,
206,65456,True,
206,65945,True,
207,3720,True,
207,3721,True,
207,9075,True,
208,6081,True,
208,6082,True,
208,6573,True,
208,6574,True,
208,26533,True,
208,28506,True,
208,28508,True,
208,44234,True,
208,59306,True,
208,62623,True,
208,68404,True,
210,26922,True,
211,11612,True,
211,11632,True,
211,25365,True,
214,2441,True,
214,56850,True,
214,65783,True,
215,3363,True,
215,6542,True,
215,6635,True,
215,6722,True,
215,11257,True,
215,17444,True,
215,22117,True,
215,26674,True,
215,28767,True,
215,30595,True,
215,35530,True,
215,44021,True,
215,49654,True,
215,51759,True,
215,64517,True,
215,72725,True,
216,23831,True,
217,697,True,
217,22737,True,
218,296,True,
218,657,True,
218,1060,True,
218,1379,True,
218,1681,True,
218,1753,True,
218,6644,True,
218,6871,True,
218,22806,True,
218,25371,True,
218,27724,True,
218,32929,True,
218,34573,True,
218,34594,True,
218,34595,True,
218,34596,True,
218,34597,True,
218,37848,True,
218,39664,True,
218,42039,True,
218,44236,True,
218,46148,True,
218,48548,True,
218,48549,True,
218,48550,True,
218,48551,True,
218,49625,True,
218,49626,True,
218,49627,True,
218,49629,True,
218,50271,True,
218,51797,True,
218,52123,True,
218,53153,True,
218,57698,True,
218,57699,True,
218,57700,True,
218,57701,True,
218,58683,True,
218,58684,True,
218,59311,True,
218,64583,True,
218,65078,True,
218,65088,True,
218,65089,True,
218,65090,True,
218,65096,True,
218,65097,True,
218,65098,True,
218,65099,True,
218,65405,True,
218,65489,True,
218,65860,True,
218,67158,True,
218,68493,True,
218,69958,True,
218,69959,True,
218,69960,True,
218,71092,True,
218,71095,True,
218,71106,True,
218,71108,True,
218,71197,True,
219,553,True,
219,2178,True,
219,2369,True,
219,2386,True,
219,3636,True,
219,6065,True,
219,25860,True,
219,42703,True,
219,46734,True,
219,54579,True,
219,69955,True,
219,71105,True,
220,1365,True,
220,7975,True,
220,7976,True,
220,7977,True,
220,7978,True,
220,7979,True,
220,7980,True,
220,7981,True,
220,7982,True,
220,7983,True,
220,7984,True,
220,22423,True,
220,22454,True,
220,22553,True,
220,22589,True,
220,22636,True,
220,37454,True,
220,38209,True,
220,38210,True,
220,39742,True,
220,42599,True,
220,42774,True,
220,45565,True,
220,48566,True,
220,51792,True,
220,58346,True,
220,59167,True,
220,59168,True,
220,59169,True,
220,59170,True,
220,59171,True,
220,59172,True,
220,63917,True,
221,11456,True,
221,14148,True,
221,14149,True,
221,14153,True,
221,14154,True,
221,17693,True,
221,24990,True,
221,60475,True,
221,68319,True,
222,1835,True,
222,1872,True,
222,18070,True,
222,18071,True,
222,18072,True,
222,18073,True,
222,71517,True,
225,882,True,
225,883,True,
225,3342,True,
225,5920,True,
225,42509,True,
226,32313,True,
226,32324,True,
226,71798,True,
227,881,True,
227,28426,True,
228,1823,True,
228,15776,True,
228,23556,True,
228,23801,True,
228,24456,True,
228,24767,True,
228,28420,True,
228,30192,True,
228,30805,True,
228,30879,True,
228,32039,True,
228,32040,True,
228,34200,True,
228,34539,True,
228,34679,True,
228,36310,True,
228,36936,True,
228,37239,True,
228,40402,True,
228,43428,True,
228,48078,True,
228,48079,True,
228,49633,True,
228,49635,True,
228,49932,True,
228,49933,True,
228,52312,True,
228,52315,True,
228,53330,True,
228,53331,True,
228,53332,True,
228,60916,True,
228,65542,True,
228,69282,True,
228,69725,True,
229,1331,True,
229,9298,True,
229,9299,True,
229,15720,True,
229,23105,True,
229,24455,True,
229,25862,True,
229,29305,True,
229,30810,True,
229,35363,True,
229,36934,True,
229,65545,True,
230,10480,True,
231,205,True,
232,2474,True,
232,2475,True,
232,3551,True,
232,24788,True,
232,25422,True,
232,28940,True,
232,36441,True,
233,9216,True,
233,36888,True,
234,3513,True,
234,4600,True,
234,55188,True,
234,72661,True,
235,2474,True,
235,2475,True,
235,3551,True,
235,24788,True,
235,25422,True,
235,28940,True,
235,36441,True,
236,205,True,
237,1085,True,
237,1401,True,
237,4178,True,
237,4179,True,
237,6202,True,
237,7955,True,
237,7956,True,
237,7957,True,
237,7958,True,
237,7959,True,
237,7960,True,
237,7961,True,
237,14744,True,
237,22615,True,
237,22616,True,
237,26309,True,
237,28279,True,
237,33379,True,
237,34572,True,
237,36330,True,
237,36331,True,
237,37291,True,
237,42741,True,
237,49708,True,
237,63282,True,
237,63283,True,
237,64452,True,
237,65458,True,
237,65540,True,
238,254,True,
238,3726,True,
238,8991,True,
239,24521,True,
239,24737,True,
239,46835,True,
239,46836,True,
239,46858,True,
239,57808,True,
240,284,True,
240,438,True,
240,665,True,
240,989,True,
240,11103,True,
240,11104,True,
240,13781,True,
240,16496,True,
240,22475,True,
240,23554,True,
240,24094,True,
240,24447,True,
240,24967,True,
240,28024,True,
240,29058,True,
240,30210,True,
240,30842,True,
240,32636,True,
240,32932,True,
240,32933,True,
240,34795,True,
240,34796,True,
240,35336,True,
240,35372,True,
240,36813,True,
240,37655,True,
240,38142,True,
240,39778,True,
240,40569,True,
240,43453,True,
240,47796,True,
240,48568,True,
240,48569,True,
240,48602,True,
240,49563,True,
240,49565,True,
240,51843,True,
240,54887,True,
240,55122,True,
240,55307,True,
240,55308,True,
240,62558,True,
240,62559,True,
240,64291,True,
240,65599,True,
240,65684,True,
242,3408,True,
242,7352,True,
242,27406,True,
242,44042,True,
243,3431,True,
243,25009,True,
244,298,True,
244,307,True,
244,1370,True,
244,1371,True,
244,74050,True,
244,74493,True,
245,1205,True,
245,4688,True,
245,24452,True,
245,57857,True,
245,65324,True,
245,71513,True,
245,71515,True,
245,74416,True,
245,74417,True,
246,298,True,
246,307,True,
246,1370,True,
246,1371,True,
246,74050,True,
246,74493,True,
247,8342,True,
247,8343,True,
247,8344,True,
247,15779,True,
247,15780,True,
247,15781,True,
247,15782,True,
247,15783,True,
247,15784,True,
247,30843,True,
247,30844,True,
247,30845,True,
247,30846,True,
247,58176,True,
247,58178,True,
248,147,True,
248,154,True,
248,161,True,
248,367,True,
248,369,True,
248,493,True,
248,496,True,
248,1294,True,
248,3368,True,
248,3370,True,
248,5158,True,
248,10560,True,
248,38073,True,
249,267,True,
249,549,True,
249,550,True,
249,648,True,
249,2582,True,
252,6081,True,
252,6082,True,
252,6573,True,
252,6574,True,
252,26533,True,
252,28506,True,
252,28508,True,
252,44234,True,
252,59306,True,
252,62623,True,
252,68404,True,
253,164,True,
253,308,True,
253,4030,True,
253,4071,True,
253,24299,True,
253,24926,True,
253,48105,True,
254,1823,True,
254,15776,True,
254,23556,True,
254,23801,True,
254,24456,True,
254,24767,True,
254,28420,True,
254,30192,True,
254,30805,True,
254,30879,True,
254,32039,True,
254,32040,True,
254,34200,True,
254,34539,True,
254,34679,True,
254,36310,True,
254,36936,True,
254,37239,True,
254,40402,True,
254,43428,True,
254,48078,True,
254,48079,True,
254,49633,True,
254,49635,True,
254,49932,True,
254,49933,True,
254,52312,True,
254,52315,True,
254,53330,True,
254,53331,True,
254,53332,True,
254,60916,True,
254,65542,True,
254,69282,True,
254,69725,True,
255,288,True,
255,289,True,
255,22674,True,
255,22884,True,
255,30817,True,
255,34122,True,
255,34674,True,
255,40554,True,
255,41713,True,
255,41714,True,
255,41715,True,
255,45155,True,
255,57427,True,
255,59022,True,
255,63251,True,
255,69850,True,
256,18956,True,
256,18961,True,
257,7837,True,
257,23414,True,
258,3748,True,
258,11827,True,
258,11828,True,
258,11829,True,
258,11830,True,
258,11832,True,
258,20092,True,
259,767,True,
259,768,True,
259,7966,True,
259,19169,True,
259,19170,True,
259,22487,True,
259,23957,True,
259,29033,True,
259,38050,True,
259,52567,True,
259,65058,True,
262,29522,True,
263,2859,True,
263,2887,True,
263,11066,True,
263,13445,True,
263,13668,True,
263,13695,True,
263,13722,True,
263,13750,True,
263,23312,True,
263,23340,True,
263,23656,True,
264,13412,True,
264,13413,True,
264,40337,True,
267,2467,True,
267,2468,True,
267,2469,True,
267,3221,True,
267,8450,True,
267,8451,True,
267,8452,True,
267,8453,True,
267,9721,True,
267,26083,True,
267,40308,True,
267,69381,True,
267,69382,True,
267,71072,True,
268,1835,True,
268,1872,True,
268,18070,True,
268,18071,True,
268,18072,True,
268,18073,True,
268,71517,True,
269,2401,True,
269,7833,True,
269,25865,True,
269,48560,True,
270,259,True,
270,260,True,
270,265,True,
270,278,True,
270,520,True,
270,527,True,
270,612,True,
270,995,True,
270,1720,True,
270,3424,True,
270,3425,True,
270,3887,True,
270,11473,True,
270,11474,True,
270,11475,True,
270,29720,True,
270,29850,True,
270,29851,True,
270,29852,True,
270,29853,True,
270,29854,True,
270,29855,True,
270,29856,True,
270,29857,True,
270,29858,True,
270,29859,True,
270,29860,True,
270,34218,True,
270,45888,True,
270,48084,True,
270,49517,True,
271,299,True,
271,489,True,
271,4290,True,
271,26013,True,
272,8342,True,
272,8343,True,
272,8344,True,
272,15779,True,
272,15780,True,
272,15781,True,
272,15782,True,
272,15783,True,
272,15784,True,
272,30843,True,
272,30844,True,
272,30845,True,
272,30846,True,
272,58176,True,
272,58178,True,
274,1738,True,
274,4753,True,
274,4832,True,
274,4833,True,
274,6760,True,
275,297,True,
275,3787,True,
275,3788,True,
275,3881,True,
275,7438,True,
275,7440,True,
275,7441,True,
275,7442,True,
275,7443,True,
275,7444,True,
275,9199,True,
275,16238,True,
275,21064,True,
275,23115,True,
275,23116,True,
275,23117,True,
275,23118,True,
275,23119,True,
275,23120,True,
275,23121,True,
275,23122,True,
275,23123,True,
275,23124,True,
275,23405,True,
275,25377,True,
275,25378,True,
275,25379,True,
275,25380,True,
275,25381,True,
275,25383,True,
275,25384,True,
276,147,True,
276,154,True,
276,161,True,
276,367,True,
276,369,True,
276,493,True,
276,496,True,
276,1294,True,
276,3368,True,
276,3370,True,
276,5158,True,
276,10560,True,
276,38073,True,
277,356,True,
277,360,True,
277,27730,True,
277,48546,True,
277,62534,True,
278,699,True,
278,27725,True,
278,50912,True,
278,66145,True,
278,67082,True,
278,67083,True,
279,41311,True,
279,41312,True,
279,41313,True,
279,49436,True,
279,49437,True,
279,49438,True,
279,65621,True,
279,65622,True,
279,72727,True,
280,147,True,
280,154,True,
280,161,True,
280,367,True,
280,369,True,
280,493,True,
280,496,True,
280,1294,True,
280,3368,True,
280,3370,True,
280,5158,True,
280,10560,True,
280,38073,True,
281,244,True,
282,147,True,
282,154,True,
282,161,True,
282,367,True,
282,369,True,
282,493,True,
282,496,True,
282,1294,True,
282,3368,True,
282,3370,True,
282,5158,True,
282,10560,True,
282,38073,True,
283,1738,True,
283,4753,True,
283,4832,True,
283,4833,True,
283,6760,True,
284,61800,True,
285,49994,True,
285,72231,True,
286,891,True,
286,1482,True,
286,4120,True,
287,10048,True,
287,10108,True,
287,10168,True,
287,10228,True,
287,17323,True,
287,18122,True,
287,18140,True,
287,21912,True,
288,1304,True,
288,1305,True,
288,1306,True,
288,2421,True,
288,3742,True,
288,3743,True,
288,4531,True,
288,4532,True,
288,6425,True,
288,25866,True,
288,39174,True,
288,54001,True,
288,54580,True,
288,54581,True,
288,54582,True,
288,54583,True,
288,55315,True,
288,57722,True,
288,57723,True,
288,60166,True,
288,64869,True,
288,69203,True,
288,69397,True,
288,72440,True,
289,1304,True,
289,1305,True,
289,1306,True,
289,2421,True,
289,3742,True,
289,3743,True,
289,4531,True,
289,4532,True,
289,6425,True,
289,25866,True,
289,39174,True,
289,54001,True,
289,54580,True,
289,54581,True,
289,54582,True,
289,54583,True,
289,55315,True,
289,57722,True,
289,57723,True,
289,60166,True,
289,64869,True,
289,69203,True,
289,69397,True,
289,72440,True,
290,3776,True,
290,10424,True,
293,3748,True,
293,11827,True,
293,11828,True,
293,11829,True,
293,11830,True,
293,11832,True,
293,20092,True,
294,297,True,
294,3787,True,
294,3788,True,
294,3881,True,
294,7438,True,
294,7440,True,
294,7441,True,
294,7442,True,
294,7443,True,
294,7444,True,
294,9199,True,
294,16238,True,
294,21064,True,
294,23115,True,
294,23116,True,
294,23117,True,
294,23118,True,
294,23119,True,
294,23120,True,
294,23121,True,
294,23122,True,
294,23123,True,
294,23124,True,
294,23405,True,
294,25377,True,
294,25378,True,
294,25379,True,
294,25380,True,
294,25381,True,
294,25383,True,
294,25384,True,
295,3748,True,
295,11827,True,
295,11828,True,
295,11829,True,
295,11830,True,
295,11832,True,
295,20092,True,
296,1192,True,
296,1622,True,
298,33627,True,
298,33639,True,
300,1365,True,
300,7975,True,
300,7976,True,
300,7977,True,
300,7978,True,
300,7979,True,
300,7980,True,
300,7981,True,
300,7982,True,
300,7983,True,
300,7984,True,
300,22423,True,
300,22454,True,
300,22553,True,
300,22589,True,
300,22636,True,
300,37454,True,
300,38209,True,
300,38210,True,
300,39742,True,
300,42599,True,
300,42774,True,
300,45565,True,
300,48566,True,
300,51792,True,
300,58346,True,
300,59167,True,
300,59168,True,
300,59169,True,
300,59170,True,
300,59171,True,
300,59172,True,
300,63917,True,
301,8342,True,
301,8343,True,
301,8344,True,
301,15779,True,
301,15780,True,
301,15781,True,
301,15782,True,
301,15783,True,
301,15784,True,
301,30843,True,
301,30844,True,
301,30845,True,
301,30846,True,
301,58176,True,
301,58178,True,
303,1823,True,
303,15776,True,
303,23556,True,
303,23801,True,
303,24456,True,
303,24767,True,
303,28420,True,
303,30192,True,
303,30805,True,
303,30879,True,
303,32039,True,
303,32040,True,
303,34200,True,
303,34539,True,
303,34679,True,
303,36310,True,
303,36936,True,
303,37239,True,
303,40402,True,
303,43428,True,
303,48078,True,
303,48079,True,
303,49633,True,
303,49635,True,
303,49932,True,
303,49933,True,
303,52312,True,
303,52315,True,
303,53330,True,
303,53331,True,
303,53332,True,
303,60916,True,
303,65542,True,
303,69282,True,
303,69725,True,
304,259,True,
304,260,True,
304,265,True,
304,278,True,
304,520,True,
304,527,True,
304,612,True,
304,995,True,
304,1720,True,
304,3424,True,
304,3425,True,
304,3887,True,
304,11473,True,
304,11474,True,
304,11475,True,
304,29720,True,
304,29850,True,
304,29851,True,
304,29852,True,
304,29853,True,
304,29854,True,
304,29855,True,
304,29856,True,
304,29857,True,
304,29858,True,
304,29859,True,
304,29860,True,
304,34218,True,
304,45888,True,
304,48084,True,
304,49517,True,
305,2772,True,
307,3635,True,
307,50758,True,
308,22267,True,
308,22276,True,
308,22285,True,
308,22294,True,
309,2143,True,
309,20538,True,
310,9127,True,
310,9128,True,
310,14750,True,
311,4811,True,
311,4812,True,
311,15719,True,
311,31841,True,
311,68850,True,
312,30560,True,
312,30562,True,
312,52836,True,
313,136,True,
313,246,True,
313,247,True,
313,2781,True,
313,12582,True,
313,15770,True,
313,25032,True,
313,25033,True,
313,25034,True,
313,25035,True,
313,25036,True,
313,25037,True,
313,25038,True,
313,25039,True,
313,25040,True,
313,28121,True,
313,28122,True,
313,28123,True,
313,28124,True,
313,28133,True,
313,29949,True,
313,29950,True,
313,29951,True,
313,29952,True,
313,29953,True,
313,29954,True,
313,29955,True,
313,29956,True,
313,29957,True,
313,32747,True,
313,32748,True,
313,32749,True,
313,32750,True,
313,32751,True,
313,32752,True,
313,32753,True,
313,32754,True,
313,34816,True,
313,53157,True,
313,54144,True,
313,54145,True,
313,54146,True,
313,54147,True,
313,54148,True,
313,54149,True,
313,54150,True,
313,54151,True,
313,54152,True,
313,60633,True,
314,4596,True,
314,4691,True,
314,13270,True,
314,19190,True,
314,19191,True,
314,22691,True,
314,22693,True,
314,22694,True,
314,22695,True,
314,22696,True,
314,22697,True,
314,22698,True,
314,22699,True,
314,22752,True,
314,24450,True,
314,25387,True,
314,25388,True,
314,25884,True,
314,28108,True,
314,28109,True,
314,28341,True,
314,28521,True,
314,28522,True,
314,28523,True,
314,28524,True,
314,36983,True,
314,44178,True,
314,48534,True,
314,68315,True,
314,68317,True,
315,12488,True,
315,12489,True,
315,12490,True,
315,12535,True,
315,27385,True,
315,52666,True,
315,54141,True,
317,296,True,
317,657,True,
317,1060,True,
317,1379,True,
317,1681,True,
317,1753,True,
317,6644,True,
317,6871,True,
317,22806,True,
317,25371,True,
317,27724,True,
317,32929,True,
317,34573,True,
317,34594,True,
317,34595,True,
317,34596,True,
317,34597,True,
317,37848,True,
317,39664,True,
317,42039,True,
317,44236,True,
317,46148,True,
317,48548,True,
317,48549,True,
317,48550,True,
317,48551,True,
317,49625,True,
317,49626,True,
317,49627,True,
317,49629,True,
317,50271,True,
317,51797,True,
317,52123,True,
317,53153,True,
317,57698,True,
317,57699,True,
317,57700,True,
317,57701,True,
317,58683,True,
317,58684,True,
317,59311,True,
317,64583,True,
317,65078,True,
317,65088,True,
317,65089,True,
317,65090,True,
317,65096,True,
317,65097,True,
317,65098,True,
317,65099,True,
317,65405,True,
317,65489,True,
317,65860,True,
317,67158,True,
317,68493,True,
317,69958,True,
317,69959,True,
317,69960,True,
317,71092,True,
317,71095,True,
317,71106,True,
317,71108,True,
317,71197,True,
318,64773,True,
318,67638,True,
318,67642,True,
319,1823,True,
319,15776,True,
319,23556,True,
319,23801,True,
319,24456,True,
319,24767,True,
319,28420,True,
319,30192,True,
319,30805,True,
319,30879,True,
319,32039,True,
319,32040,True,
319,34200,True,
319,34539,True,
319,34679,True,
319,36310,True,
319,36936,True,
319,37239,True,
319,40402,True,
319,43428,True,
319,48078,True,
319,48079,True,
319,49633,True,
319,49635,True,
319,49932,True,
319,49933,True,
319,52312,True,
319,52315,True,
319,53330,True,
319,53331,True,
319,53332,True,
319,60916,True,
319,65542,True,
319,69282,True,
319,69725,True,
320,152,True,
320,732,True,
320,733,True,
320,734,True,
320,32059,True,
320,33058,True,
320,37847,True,
320,42771,True,
320,49098,True,
320,52575,True,
321,3348,True,
321,6305,True,
321,8660,True,
321,8661,True,
321,9065,True,
321,9066,True,
321,9067,True,
321,10729,True,
321,10730,True,
321,10731,True,
321,10732,True,
322,3348,True,
322,6305,True,
322,8660,True,
322,8661,True,
322,9065,True,
322,9066,True,
322,9067,True,
322,10729,True,
322,10730,True,
322,10731,True,
322,10732,True,
323,57274,True,
325,60625,True,
325,67961,True,
325,68919,True,
325,68922,True,
326,152,True,
326,732,True,
326,733,True,
326,734,True,
326,32059,True,
326,33058,True,
326,37847,True,
326,42771,True,
326,49098,True,
326,52575,True,
327,48103,True,
327,69773,True,
328,381,True,
329,1298,True,
334,19,True,
334,142,True,
334,143,True,
335,60555,True,
335,62419,True,
335,66241,True,
339,672,True,
339,21322,True,
339,23572,True,
339,23573,True,
339,30391,True,
339,30392,True,
339,30399,True,
339,30400,True,
339,34225,True,
339,34226,True,
339,36926,True,
339,40852,True,
339,51619,True,
340,4117,True,
340,9056,True,
340,9057,True,
340,12240,True,
341,547,True,
341,548,True,
341,717,True,
341,980,True,
341,1915,True,
341,1923,True,
341,2756,True,
341,5133,True,
341,6337,True,
341,12581,True,
341,17654,True,
341,31606,True,
341,31607,True,
341,66373,True,
341,66374,True,
341,67191,True,
342,36372,True,
344,28702,True,
344,53624,True,
344,53625,True,
344,53626,True,
